t_s,Bx_uT,By_uT,Bz_uT
6.577587127685546875e-02,-7.125000000000000000e+01,-4.364999999999999858e+01,-1.742390000000000043e+02
1.317009925842285156e-01,-7.094899999999999807e+01,-4.439999999999999858e+01,-1.749660000000000082e+02
1.975181102752685547e-01,-7.065000000000000568e+01,-4.364999999999999858e+01,-1.749660000000000082e+02
2.681651115417480469e-01,-7.109999999999999432e+01,-4.409899999999999665e+01,-1.749660000000000082e+02
3.341801166534423828e-01,-7.094899999999999807e+01,-4.395000000000000284e+01,-1.766589999999999918e+02
4.000170230865478516e-01,-7.140000000000000568e+01,-4.484899999999999665e+01,-1.747239999999999895e+02
4.661400318145751953e-01,-7.065000000000000568e+01,-4.425000000000000000e+01,-1.761759999999999877e+02
5.364100933074951172e-01,-7.065000000000000568e+01,-4.395000000000000284e+01,-1.749660000000000082e+02
6.022820472717285156e-01,-7.094899999999999807e+01,-4.454999999999999716e+01,-1.756920000000000073e+02
6.681210994720458984e-01,-7.140000000000000568e+01,-4.320000000000000284e+01,-1.769019999999999868e+02
7.341749668121337891e-01,-7.125000000000000000e+01,-4.379999999999999716e+01,-1.752079999999999984e+02
7.998960018157958984e-01,-7.034999999999999432e+01,-4.409899999999999665e+01,-1.756920000000000073e+02
8.706429004669189453e-01,-7.079999999999999716e+01,-4.395000000000000284e+01,-1.761759999999999877e+02
9.365570545196533203e-01,-7.065000000000000568e+01,-4.350000000000000000e+01,-1.764170000000000016e+02
1.002472877502441406e+00,-7.050000000000000000e+01,-4.395000000000000284e+01,-1.766589999999999918e+02
1.068324804306030273e+00,-7.019899999999999807e+01,-4.364999999999999858e+01,-1.764170000000000016e+02
1.134266853332519531e+00,-7.094899999999999807e+01,-4.470000000000000284e+01,-1.756920000000000073e+02
1.204900979995727539e+00,-7.079999999999999716e+01,-4.379999999999999716e+01,-1.764170000000000016e+02
1.270788192749023438e+00,-7.079999999999999716e+01,-4.395000000000000284e+01,-1.754499999999999886e+02
1.336668968200683594e+00,-7.034999999999999432e+01,-4.439999999999999858e+01,-1.764170000000000016e+02
1.402532815933227539e+00,-7.079999999999999716e+01,-4.439999999999999858e+01,-1.759329999999999927e+02
1.473306894302368164e+00,-7.094899999999999807e+01,-4.409899999999999665e+01,-1.764170000000000016e+02
1.538860082626342773e+00,-7.140000000000000568e+01,-4.395000000000000284e+01,-1.771440000000000055e+02
1.604655027389526367e+00,-7.065000000000000568e+01,-4.409899999999999665e+01,-1.769019999999999868e+02
1.670629978179931641e+00,-7.004999999999999716e+01,-4.364999999999999858e+01,-1.776279999999999859e+02
1.736639976501464844e+00,-7.079999999999999716e+01,-4.364999999999999858e+01,-1.778700000000000045e+02
1.807292938232421875e+00,-7.034999999999999432e+01,-4.454999999999999716e+01,-1.778700000000000045e+02
1.873255014419555664e+00,-6.990000000000000568e+01,-4.439999999999999858e+01,-1.773849999999999909e+02
1.939100027084350586e+00,-7.079999999999999716e+01,-4.320000000000000284e+01,-1.776279999999999859e+02
2.005146980285644531e+00,-7.034999999999999432e+01,-4.395000000000000284e+01,-1.766589999999999918e+02
2.070891141891479492e+00,-7.004999999999999716e+01,-4.409899999999999665e+01,-1.790800000000000125e+02
2.141442060470581055e+00,-7.065000000000000568e+01,-4.395000000000000284e+01,-1.771440000000000055e+02
2.207501173019409180e+00,-7.019899999999999807e+01,-4.350000000000000000e+01,-1.778700000000000045e+02
2.273530960083007812e+00,-6.990000000000000568e+01,-4.275000000000000000e+01,-1.769019999999999868e+02
2.339267015457153320e+00,-6.959999999999999432e+01,-4.409899999999999665e+01,-1.785960000000000036e+02
2.409585952758789062e+00,-7.019899999999999807e+01,-4.439999999999999858e+01,-1.778700000000000045e+02
2.475587129592895508e+00,-6.959999999999999432e+01,-4.304999999999999716e+01,-1.781119999999999948e+02
2.541363954544067383e+00,-7.004999999999999716e+01,-4.379999999999999716e+01,-1.788379999999999939e+02
2.607367038726806641e+00,-7.034999999999999432e+01,-4.350000000000000000e+01,-1.785960000000000036e+02
2.673193931579589844e+00,-7.079999999999999716e+01,-4.364999999999999858e+01,-1.785960000000000036e+02
2.743867874145507812e+00,-6.975000000000000000e+01,-4.334899999999999665e+01,-1.788379999999999939e+02
2.809809923171997070e+00,-6.944899999999999807e+01,-4.304999999999999716e+01,-1.798050000000000068e+02
2.875792980194091797e+00,-6.944899999999999807e+01,-4.379999999999999716e+01,-1.790800000000000125e+02
2.941653013229370117e+00,-6.990000000000000568e+01,-4.379999999999999716e+01,-1.790800000000000125e+02
3.007483005523681641e+00,-6.975000000000000000e+01,-4.259899999999999665e+01,-1.788379999999999939e+02
3.078202247619628906e+00,-7.004999999999999716e+01,-4.259899999999999665e+01,-1.795629999999999882e+02
3.144063949584960938e+00,-7.004999999999999716e+01,-4.304999999999999716e+01,-1.785960000000000036e+02
3.210083007812500000e+00,-7.004999999999999716e+01,-4.334899999999999665e+01,-1.793220000000000027e+02
3.276024103164672852e+00,-7.034999999999999432e+01,-4.364999999999999858e+01,-1.810159999999999911e+02
3.346392154693603516e+00,-7.019899999999999807e+01,-4.320000000000000284e+01,-1.798050000000000068e+02
3.412290096282958984e+00,-7.004999999999999716e+01,-4.364999999999999858e+01,-1.788379999999999939e+02
3.478089094161987305e+00,-6.915000000000000568e+01,-4.289999999999999858e+01,-1.795629999999999882e+02
3.544066190719604492e+00,-7.050000000000000000e+01,-4.350000000000000000e+01,-1.785960000000000036e+02
3.609903812408447266e+00,-6.959999999999999432e+01,-4.334899999999999665e+01,-1.807740000000000009e+02
3.680612087249755859e+00,-6.990000000000000568e+01,-4.320000000000000284e+01,-1.805310000000000059e+02
3.746512889862060547e+00,-7.004999999999999716e+01,-4.334899999999999665e+01,-1.790800000000000125e+02
3.812472105026245117e+00,-6.929999999999999716e+01,-4.245000000000000284e+01,-1.802899999999999920e+02
3.878376007080078125e+00,-7.004999999999999716e+01,-4.320000000000000284e+01,-1.798050000000000068e+02
3.944215059280395508e+00,-6.990000000000000568e+01,-4.304999999999999716e+01,-1.795629999999999882e+02
4.014818191528320312e+00,-6.959999999999999432e+01,-4.304999999999999716e+01,-1.800480000000000018e+02
4.080848932266235352e+00,-6.944899999999999807e+01,-4.214999999999999858e+01,-1.795629999999999882e+02
4.146905183792114258e+00,-6.929999999999999716e+01,-4.259899999999999665e+01,-1.802899999999999920e+02
4.212707042694091797e+00,-6.959999999999999432e+01,-4.245000000000000284e+01,-1.785960000000000036e+02
4.283071994781494141e+00,-6.854999999999999716e+01,-4.214999999999999858e+01,-1.807740000000000009e+02
4.348927974700927734e+00,-6.959999999999999432e+01,-4.289999999999999858e+01,-1.807740000000000009e+02
4.414764165878295898e+00,-6.915000000000000568e+01,-4.289999999999999858e+01,-1.802899999999999920e+02
4.480719804763793945e+00,-6.900000000000000000e+01,-4.229999999999999716e+01,-1.800480000000000018e+02
4.546518087387084961e+00,-6.944899999999999807e+01,-4.259899999999999665e+01,-1.807740000000000009e+02
4.617295980453491211e+00,-6.884999999999999432e+01,-4.139999999999999858e+01,-1.802899999999999920e+02
4.683243036270141602e+00,-6.869899999999999807e+01,-4.184899999999999665e+01,-1.810159999999999911e+02
4.749156236648559570e+00,-6.929999999999999716e+01,-4.229999999999999716e+01,-1.812580000000000098e+02
4.815057039260864258e+00,-6.809999999999999432e+01,-4.200000000000000000e+01,-1.812580000000000098e+02
4.880873918533325195e+00,-6.854999999999999716e+01,-4.229999999999999716e+01,-1.807740000000000009e+02
4.951570987701416016e+00,-6.915000000000000568e+01,-4.139999999999999858e+01,-1.802899999999999920e+02
5.017529010772705078e+00,-7.019899999999999807e+01,-4.154999999999999716e+01,-1.805310000000000059e+02
5.083555221557617188e+00,-6.990000000000000568e+01,-4.245000000000000284e+01,-1.810159999999999911e+02
5.149488925933837891e+00,-6.825000000000000000e+01,-4.170000000000000284e+01,-1.805310000000000059e+02
5.220085144042968750e+00,-6.900000000000000000e+01,-4.214999999999999858e+01,-1.812580000000000098e+02
5.285829067230224609e+00,-6.884999999999999432e+01,-4.154999999999999716e+01,-1.812580000000000098e+02
5.351644992828369141e+00,-6.884999999999999432e+01,-4.154999999999999716e+01,-1.827090000000000032e+02
5.417691946029663086e+00,-6.959999999999999432e+01,-4.229999999999999716e+01,-1.817419999999999902e+02
5.483448028564453125e+00,-6.884999999999999432e+01,-4.139999999999999858e+01,-1.795629999999999882e+02
5.554207086563110352e+00,-6.869899999999999807e+01,-4.184899999999999665e+01,-1.800480000000000018e+02
5.620240926742553711e+00,-6.825000000000000000e+01,-4.109899999999999665e+01,-1.817419999999999902e+02
5.686057090759277344e+00,-6.915000000000000568e+01,-4.184899999999999665e+01,-1.817419999999999902e+02
5.751945972442626953e+00,-6.809999999999999432e+01,-4.170000000000000284e+01,-1.802899999999999920e+02
5.817828178405761719e+00,-6.884999999999999432e+01,-4.170000000000000284e+01,-1.812580000000000098e+02
5.888510942459106445e+00,-6.809999999999999432e+01,-4.154999999999999716e+01,-1.819840000000000089e+02
5.954575061798095703e+00,-6.884999999999999432e+01,-4.125000000000000000e+01,-1.812580000000000098e+02
6.020293951034545898e+00,-6.854999999999999716e+01,-4.079999999999999716e+01,-1.824679999999999893e+02
6.086133003234863281e+00,-6.779999999999999716e+01,-4.139999999999999858e+01,-1.815000000000000000e+02
6.156460046768188477e+00,-6.840000000000000568e+01,-4.109899999999999665e+01,-1.810159999999999911e+02
6.222405195236206055e+00,-6.794899999999999807e+01,-4.170000000000000284e+01,-1.822259999999999991e+02
6.288248062133789062e+00,-6.884999999999999432e+01,-4.020000000000000284e+01,-1.817419999999999902e+02
6.354228973388671875e+00,-6.869899999999999807e+01,-4.095000000000000284e+01,-1.815000000000000000e+02
6.420111179351806641e+00,-6.794899999999999807e+01,-4.139999999999999858e+01,-1.817419999999999902e+02
6.490811824798583984e+00,-6.779999999999999716e+01,-4.125000000000000000e+01,-1.824679999999999893e+02
6.556760072708129883e+00,-6.825000000000000000e+01,-4.139999999999999858e+01,-1.817419999999999902e+02
6.622642040252685547e+00,-6.750000000000000000e+01,-4.004999999999999716e+01,-1.829509999999999934e+02
6.688492059707641602e+00,-6.779999999999999716e+01,-4.139999999999999858e+01,-1.822259999999999991e+02
6.754469871520996094e+00,-6.794899999999999807e+01,-4.064999999999999858e+01,-1.824679999999999893e+02
6.825114965438842773e+00,-6.854999999999999716e+01,-4.079999999999999716e+01,-1.824679999999999893e+02
6.891088962554931641e+00,-6.854999999999999716e+01,-4.034899999999999665e+01,-1.822259999999999991e+02
6.956961154937744141e+00,-6.825000000000000000e+01,-4.109899999999999665e+01,-1.827090000000000032e+02
7.022938966751098633e+00,-6.750000000000000000e+01,-4.020000000000000284e+01,-1.827090000000000032e+02
7.093332052230834961e+00,-6.825000000000000000e+01,-3.989999999999999858e+01,-1.822259999999999991e+02
7.159142971038818359e+00,-6.765000000000000568e+01,-4.064999999999999858e+01,-1.819840000000000089e+02
7.224975824356079102e+00,-6.825000000000000000e+01,-3.989999999999999858e+01,-1.805310000000000059e+02
7.291167974472045898e+00,-6.734999999999999432e+01,-4.064999999999999858e+01,-1.817419999999999902e+02
7.356822013854980469e+00,-6.794899999999999807e+01,-3.989999999999999858e+01,-1.807740000000000009e+02
7.427561998367309570e+00,-6.719899999999999807e+01,-4.020000000000000284e+01,-1.824679999999999893e+02
7.493452072143554688e+00,-6.690000000000000568e+01,-3.989999999999999858e+01,-1.822259999999999991e+02
7.559290885925292969e+00,-6.794899999999999807e+01,-3.989999999999999858e+01,-1.812580000000000098e+02
7.625277996063232422e+00,-6.704999999999999716e+01,-4.034899999999999665e+01,-1.819840000000000089e+02
7.691065073013305664e+00,-6.750000000000000000e+01,-3.959899999999999665e+01,-1.822259999999999991e+02
7.761801958084106445e+00,-6.840000000000000568e+01,-3.959899999999999665e+01,-1.819840000000000089e+02
7.827727794647216797e+00,-6.704999999999999716e+01,-3.900000000000000000e+01,-1.817419999999999902e+02
7.893583059310913086e+00,-6.719899999999999807e+01,-3.959899999999999665e+01,-1.827090000000000032e+02
7.959607124328613281e+00,-6.854999999999999716e+01,-3.959899999999999665e+01,-1.822259999999999991e+02
8.030039072036743164e+00,-6.734999999999999432e+01,-3.929999999999999716e+01,-1.822259999999999991e+02
8.095860004425048828e+00,-6.719899999999999807e+01,-3.989999999999999858e+01,-1.824679999999999893e+02
8.161751985549926758e+00,-6.779999999999999716e+01,-3.959899999999999665e+01,-1.824679999999999893e+02
8.227643013000488281e+00,-6.734999999999999432e+01,-3.914999999999999858e+01,-1.822259999999999991e+02
8.293430089950561523e+00,-6.750000000000000000e+01,-3.929999999999999716e+01,-1.824679999999999893e+02
8.364168882369995117e+00,-6.779999999999999716e+01,-3.914999999999999858e+01,-1.829509999999999934e+02
8.430106878280639648e+00,-6.719899999999999807e+01,-3.914999999999999858e+01,-1.824679999999999893e+02
8.496191978454589844e+00,-6.719899999999999807e+01,-3.989999999999999858e+01,-1.829509999999999934e+02
8.561939001083374023e+00,-6.719899999999999807e+01,-3.900000000000000000e+01,-1.827090000000000032e+02
8.627736091613769531e+00,-6.644899999999999807e+01,-3.959899999999999665e+01,-1.831939999999999884e+02
8.698503017425537109e+00,-6.719899999999999807e+01,-3.914999999999999858e+01,-1.815000000000000000e+02
8.764357089996337891e+00,-6.750000000000000000e+01,-3.854999999999999716e+01,-1.817419999999999902e+02
8.830235004425048828e+00,-6.734999999999999432e+01,-3.795000000000000284e+01,-1.815000000000000000e+02
8.896224021911621094e+00,-6.704999999999999716e+01,-3.779999999999999716e+01,-1.824679999999999893e+02
8.966485023498535156e+00,-6.704999999999999716e+01,-3.900000000000000000e+01,-1.815000000000000000e+02
9.032327890396118164e+00,-6.765000000000000568e+01,-3.884899999999999665e+01,-1.822259999999999991e+02
9.098029136657714844e+00,-6.659999999999999432e+01,-3.854999999999999716e+01,-1.815000000000000000e+02
9.164128065109252930e+00,-6.644899999999999807e+01,-3.839999999999999858e+01,-1.829509999999999934e+02
9.229877948760986328e+00,-6.704999999999999716e+01,-3.779999999999999716e+01,-1.829509999999999934e+02
9.300661087036132812e+00,-6.690000000000000568e+01,-3.854999999999999716e+01,-1.827090000000000032e+02
9.366611957550048828e+00,-6.675000000000000000e+01,-3.839999999999999858e+01,-1.829509999999999934e+02
9.432521104812622070e+00,-6.690000000000000568e+01,-3.764999999999999858e+01,-1.829509999999999934e+02
9.498461008071899414e+00,-6.584999999999999432e+01,-3.825000000000000000e+01,-1.829509999999999934e+02
9.564240932464599609e+00,-6.719899999999999807e+01,-3.825000000000000000e+01,-1.829509999999999934e+02
9.634985923767089844e+00,-6.600000000000000000e+01,-3.764999999999999858e+01,-1.827090000000000032e+02
9.701004028320312500e+00,-6.615000000000000568e+01,-3.825000000000000000e+01,-1.829509999999999934e+02
9.766962051391601562e+00,-6.584999999999999432e+01,-3.884899999999999665e+01,-1.824679999999999893e+02
9.832933902740478516e+00,-6.690000000000000568e+01,-3.854999999999999716e+01,-1.822259999999999991e+02
9.903326988220214844e+00,-6.644899999999999807e+01,-3.795000000000000284e+01,-1.824679999999999893e+02
9.969188213348388672e+00,-6.584999999999999432e+01,-3.809899999999999665e+01,-1.822259999999999991e+02
1.003495502471923828e+01,-6.629999999999999716e+01,-3.750000000000000000e+01,-1.824679999999999893e+02
1.010100722312927246e+01,-6.584999999999999432e+01,-3.779999999999999716e+01,-1.836769999999999925e+02
1.016674804687500000e+01,-6.615000000000000568e+01,-3.809899999999999665e+01,-1.829509999999999934e+02
1.023743700981140137e+01,-6.615000000000000568e+01,-3.764999999999999858e+01,-1.824679999999999893e+02
1.030358719825744629e+01,-6.659999999999999432e+01,-3.779999999999999716e+01,-1.817419999999999902e+02
1.036923503875732422e+01,-6.690000000000000568e+01,-3.704999999999999716e+01,-1.812580000000000098e+02
1.043514299392700195e+01,-6.644899999999999807e+01,-3.659899999999999665e+01,-1.829509999999999934e+02
1.050104308128356934e+01,-6.675000000000000000e+01,-3.764999999999999858e+01,-1.831939999999999884e+02
1.057163691520690918e+01,-6.615000000000000568e+01,-3.839999999999999858e+01,-1.822259999999999991e+02
1.063761591911315918e+01,-6.644899999999999807e+01,-3.750000000000000000e+01,-1.829509999999999934e+02
1.070371508598327637e+01,-6.615000000000000568e+01,-3.779999999999999716e+01,-1.829509999999999934e+02
1.076951003074645996e+01,-6.615000000000000568e+01,-3.779999999999999716e+01,-1.819840000000000089e+02
1.083995604515075684e+01,-6.615000000000000568e+01,-3.734899999999999665e+01,-1.836769999999999925e+02
1.090578007698059082e+01,-6.600000000000000000e+01,-3.750000000000000000e+01,-1.822259999999999991e+02
1.097159409523010254e+01,-6.644899999999999807e+01,-3.734899999999999665e+01,-1.822259999999999991e+02
1.103761196136474609e+01,-6.644899999999999807e+01,-3.734899999999999665e+01,-1.815000000000000000e+02
1.110337805747985840e+01,-6.540000000000000568e+01,-3.734899999999999665e+01,-1.827090000000000032e+02
1.117402815818786621e+01,-6.629999999999999716e+01,-3.659899999999999665e+01,-1.819840000000000089e+02
1.124012017250061035e+01,-6.629999999999999716e+01,-3.764999999999999858e+01,-1.817419999999999902e+02
1.130587601661682129e+01,-6.540000000000000568e+01,-3.720000000000000284e+01,-1.817419999999999902e+02
1.137172508239746094e+01,-6.540000000000000568e+01,-3.779999999999999716e+01,-1.827090000000000032e+02
1.143763613700866699e+01,-6.554999999999999716e+01,-3.659899999999999665e+01,-1.822259999999999991e+02
1.150825905799865723e+01,-6.584999999999999432e+01,-3.675000000000000000e+01,-1.829509999999999934e+02
1.157419705390930176e+01,-6.509999999999999432e+01,-3.734899999999999665e+01,-1.817419999999999902e+02
1.164020395278930664e+01,-6.540000000000000568e+01,-3.614999999999999858e+01,-1.805310000000000059e+02
1.170596098899841309e+01,-6.629999999999999716e+01,-3.704999999999999716e+01,-1.822259999999999991e+02
1.177641010284423828e+01,-6.569899999999999807e+01,-3.720000000000000284e+01,-1.824679999999999893e+02
1.184223318099975586e+01,-6.479999999999999716e+01,-3.675000000000000000e+01,-1.819840000000000089e+02
1.190819621086120605e+01,-6.584999999999999432e+01,-3.614999999999999858e+01,-1.817419999999999902e+02
1.197422385215759277e+01,-6.540000000000000568e+01,-3.689999999999999858e+01,-1.817419999999999902e+02
1.203983306884765625e+01,-6.540000000000000568e+01,-3.584899999999999665e+01,-1.815000000000000000e+02
1.211052799224853516e+01,-6.540000000000000568e+01,-3.720000000000000284e+01,-1.822259999999999991e+02
1.217645502090454102e+01,-6.569899999999999807e+01,-3.645000000000000284e+01,-1.819840000000000089e+02
1.224232816696166992e+01,-6.479999999999999716e+01,-3.659899999999999665e+01,-1.822259999999999991e+02
1.230823922157287598e+01,-6.584999999999999432e+01,-3.600000000000000000e+01,-1.827090000000000032e+02
1.237411999702453613e+01,-6.525000000000000000e+01,-3.614999999999999858e+01,-1.819840000000000089e+02
1.244467997550964355e+01,-6.525000000000000000e+01,-3.659899999999999665e+01,-1.815000000000000000e+02
1.251059508323669434e+01,-6.525000000000000000e+01,-3.629999999999999716e+01,-1.807740000000000009e+02
1.257660102844238281e+01,-6.479999999999999716e+01,-3.629999999999999716e+01,-1.829509999999999934e+02
1.264239907264709473e+01,-6.494899999999999807e+01,-3.659899999999999665e+01,-1.822259999999999991e+02
1.271290707588195801e+01,-6.525000000000000000e+01,-3.600000000000000000e+01,-1.822259999999999991e+02
1.277867102622985840e+01,-6.479999999999999716e+01,-3.629999999999999716e+01,-1.812580000000000098e+02
1.284445595741271973e+01,-6.509999999999999432e+01,-3.645000000000000284e+01,-1.822259999999999991e+02
1.291038894653320312e+01,-6.509999999999999432e+01,-3.570000000000000284e+01,-1.819840000000000089e+02
1.297635698318481445e+01,-6.465000000000000568e+01,-3.629999999999999716e+01,-1.812580000000000098e+02
1.304685592651367188e+01,-6.554999999999999716e+01,-3.495000000000000284e+01,-1.815000000000000000e+02
1.311291813850402832e+01,-6.465000000000000568e+01,-3.629999999999999716e+01,-1.815000000000000000e+02
1.317885589599609375e+01,-6.434999999999999432e+01,-3.614999999999999858e+01,-1.817419999999999902e+02
1.324460601806640625e+01,-6.509999999999999432e+01,-3.584899999999999665e+01,-1.812580000000000098e+02
1.331033802032470703e+01,-6.465000000000000568e+01,-3.629999999999999716e+01,-1.815000000000000000e+02
1.338110494613647461e+01,-6.479999999999999716e+01,-3.525000000000000000e+01,-1.802899999999999920e+02
1.344704794883728027e+01,-6.569899999999999807e+01,-3.584899999999999665e+01,-1.817419999999999902e+02
1.351314783096313477e+01,-6.465000000000000568e+01,-3.600000000000000000e+01,-1.819840000000000089e+02
1.357899117469787598e+01,-6.450000000000000000e+01,-3.614999999999999858e+01,-1.817419999999999902e+02
1.364935612678527832e+01,-6.450000000000000000e+01,-3.539999999999999858e+01,-1.817419999999999902e+02
1.371516299247741699e+01,-6.494899999999999807e+01,-3.600000000000000000e+01,-1.817419999999999902e+02
1.378100991249084473e+01,-6.494899999999999807e+01,-3.525000000000000000e+01,-1.810159999999999911e+02
1.384700608253479004e+01,-6.479999999999999716e+01,-3.584899999999999665e+01,-1.810159999999999911e+02
1.391278481483459473e+01,-6.450000000000000000e+01,-3.570000000000000284e+01,-1.817419999999999902e+02
1.398346304893493652e+01,-6.434999999999999432e+01,-3.570000000000000284e+01,-1.829509999999999934e+02
1.404938197135925293e+01,-6.509999999999999432e+01,-3.495000000000000284e+01,-1.829509999999999934e+02
1.411523890495300293e+01,-6.479999999999999716e+01,-3.509899999999999665e+01,-1.815000000000000000e+02
1.418114519119262695e+01,-6.479999999999999716e+01,-3.479999999999999716e+01,-1.817419999999999902e+02
1.424695205688476562e+01,-6.419899999999999807e+01,-3.525000000000000000e+01,-1.819840000000000089e+02
1.431770706176757812e+01,-6.434999999999999432e+01,-3.525000000000000000e+01,-1.824679999999999893e+02
1.438357901573181152e+01,-6.404999999999999716e+01,-3.584899999999999665e+01,-1.815000000000000000e+02
1.444962692260742188e+01,-6.479999999999999716e+01,-3.525000000000000000e+01,-1.822259999999999991e+02
1.451535892486572266e+01,-6.404999999999999716e+01,-3.539999999999999858e+01,-1.807740000000000009e+02
1.458579111099243164e+01,-6.509999999999999432e+01,-3.479999999999999716e+01,-1.805310000000000059e+02
1.465166115760803223e+01,-6.434999999999999432e+01,-3.525000000000000000e+01,-1.817419999999999902e+02
1.471757698059082031e+01,-6.509999999999999432e+01,-3.600000000000000000e+01,-1.807740000000000009e+02
1.478346085548400879e+01,-6.465000000000000568e+01,-3.450000000000000000e+01,-1.815000000000000000e+02
1.484927797317504883e+01,-6.419899999999999807e+01,-3.509899999999999665e+01,-1.819840000000000089e+02
1.491994905471801758e+01,-6.479999999999999716e+01,-3.570000000000000284e+01,-1.812580000000000098e+02
1.498592305183410645e+01,-6.465000000000000568e+01,-3.509899999999999665e+01,-1.802899999999999920e+02
1.505172991752624512e+01,-6.404999999999999716e+01,-3.525000000000000000e+01,-1.824679999999999893e+02
1.511771798133850098e+01,-6.419899999999999807e+01,-3.525000000000000000e+01,-1.810159999999999911e+02
1.518348288536071777e+01,-6.345000000000000284e+01,-3.450000000000000000e+01,-1.817419999999999902e+02
1.525416612625122070e+01,-6.434999999999999432e+01,-3.464999999999999858e+01,-1.800480000000000018e+02
1.532010507583618164e+01,-6.494899999999999807e+01,-3.525000000000000000e+01,-1.802899999999999920e+02
1.538619589805603027e+01,-6.450000000000000000e+01,-3.570000000000000284e+01,-1.819840000000000089e+02
1.545187616348266602e+01,-6.434999999999999432e+01,-3.464999999999999858e+01,-1.805310000000000059e+02
1.552230000495910645e+01,-6.419899999999999807e+01,-3.434899999999999665e+01,-1.817419999999999902e+02
1.558819198608398438e+01,-6.419899999999999807e+01,-3.479999999999999716e+01,-1.798050000000000068e+02
1.565408110618591309e+01,-6.419899999999999807e+01,-3.495000000000000284e+01,-1.807740000000000009e+02
1.572006106376647949e+01,-6.389999999999999858e+01,-3.495000000000000284e+01,-1.805310000000000059e+02
1.578580307960510254e+01,-6.434999999999999432e+01,-3.495000000000000284e+01,-1.812580000000000098e+02
1.585652208328247070e+01,-6.434999999999999432e+01,-3.509899999999999665e+01,-1.812580000000000098e+02
1.592244315147399902e+01,-6.404999999999999716e+01,-3.525000000000000000e+01,-1.810159999999999911e+02
1.598839497566223145e+01,-6.345000000000000284e+01,-3.464999999999999858e+01,-1.810159999999999911e+02
1.605431294441223145e+01,-6.419899999999999807e+01,-3.479999999999999716e+01,-1.812580000000000098e+02
1.612018895149230957e+01,-6.419899999999999807e+01,-3.464999999999999858e+01,-1.810159999999999911e+02
1.619075417518615723e+01,-6.419899999999999807e+01,-3.525000000000000000e+01,-1.817419999999999902e+02
1.625677013397216797e+01,-6.419899999999999807e+01,-3.434899999999999665e+01,-1.812580000000000098e+02
1.632273602485656738e+01,-6.375000000000000000e+01,-3.464999999999999858e+01,-1.807740000000000009e+02
1.638868212699890137e+01,-6.434999999999999432e+01,-3.450000000000000000e+01,-1.800480000000000018e+02
1.645915699005126953e+01,-6.375000000000000000e+01,-3.450000000000000000e+01,-1.817419999999999902e+02
1.652498793601989746e+01,-6.465000000000000568e+01,-3.389999999999999858e+01,-1.815000000000000000e+02
1.659082818031311035e+01,-6.465000000000000568e+01,-3.450000000000000000e+01,-1.805310000000000059e+02
1.665680003166198730e+01,-6.465000000000000568e+01,-3.464999999999999858e+01,-1.815000000000000000e+02
1.672260308265686035e+01,-6.404999999999999716e+01,-3.479999999999999716e+01,-1.805310000000000059e+02
1.679323697090148926e+01,-6.284899999999999665e+01,-3.495000000000000284e+01,-1.795629999999999882e+02
1.685934686660766602e+01,-6.389999999999999858e+01,-3.434899999999999665e+01,-1.807740000000000009e+02
1.692488598823547363e+01,-6.345000000000000284e+01,-3.509899999999999665e+01,-1.805310000000000059e+02
1.699113917350769043e+01,-6.375000000000000000e+01,-3.450000000000000000e+01,-1.810159999999999911e+02
1.705678701400756836e+01,-6.389999999999999858e+01,-3.434899999999999665e+01,-1.800480000000000018e+02
1.712751412391662598e+01,-6.359899999999999665e+01,-3.389999999999999858e+01,-1.810159999999999911e+02
1.719348096847534180e+01,-6.419899999999999807e+01,-3.450000000000000000e+01,-1.815000000000000000e+02
1.725931596755981445e+01,-6.434999999999999432e+01,-3.479999999999999716e+01,-1.800480000000000018e+02
1.732527899742126465e+01,-6.419899999999999807e+01,-3.434899999999999665e+01,-1.800480000000000018e+02
1.739570403099060059e+01,-6.419899999999999807e+01,-3.434899999999999665e+01,-1.802899999999999920e+02
1.746157121658325195e+01,-6.434999999999999432e+01,-3.450000000000000000e+01,-1.812580000000000098e+02
1.752739691734313965e+01,-6.345000000000000284e+01,-3.375000000000000000e+01,-1.810159999999999911e+02
1.759335207939147949e+01,-6.389999999999999858e+01,-3.450000000000000000e+01,-1.805310000000000059e+02
1.765923309326171875e+01,-6.345000000000000284e+01,-3.450000000000000000e+01,-1.802899999999999920e+02
1.772989201545715332e+01,-6.375000000000000000e+01,-3.404999999999999716e+01,-1.805310000000000059e+02
1.779588413238525391e+01,-6.300000000000000000e+01,-3.404999999999999716e+01,-1.802899999999999920e+02
1.786176705360412598e+01,-6.300000000000000000e+01,-3.389999999999999858e+01,-1.812580000000000098e+02
1.792760086059570312e+01,-6.375000000000000000e+01,-3.404999999999999716e+01,-1.810159999999999911e+02
1.799352097511291504e+01,-6.359899999999999665e+01,-3.375000000000000000e+01,-1.807740000000000009e+02
1.806417417526245117e+01,-6.389999999999999858e+01,-3.345000000000000284e+01,-1.800480000000000018e+02
1.813012194633483887e+01,-6.329999999999999716e+01,-3.375000000000000000e+01,-1.795629999999999882e+02
1.819605612754821777e+01,-6.254999999999999716e+01,-3.434899999999999665e+01,-1.800480000000000018e+02
1.826203799247741699e+01,-6.329999999999999716e+01,-3.420000000000000284e+01,-1.795629999999999882e+02
1.833245205879211426e+01,-6.270000000000000284e+01,-3.479999999999999716e+01,-1.798050000000000068e+02
1.839829897880554199e+01,-6.359899999999999665e+01,-3.434899999999999665e+01,-1.802899999999999920e+02
1.846415901184082031e+01,-6.300000000000000000e+01,-3.389999999999999858e+01,-1.798050000000000068e+02
1.853013396263122559e+01,-6.345000000000000284e+01,-3.464999999999999858e+01,-1.800480000000000018e+02
1.859599900245666504e+01,-6.300000000000000000e+01,-3.389999999999999858e+01,-1.798050000000000068e+02
1.866671490669250488e+01,-6.345000000000000284e+01,-3.434899999999999665e+01,-1.807740000000000009e+02
1.873266506195068359e+01,-6.389999999999999858e+01,-3.420000000000000284e+01,-1.800480000000000018e+02
1.879854106903076172e+01,-6.329999999999999716e+01,-3.464999999999999858e+01,-1.805310000000000059e+02
1.886445999145507812e+01,-6.345000000000000284e+01,-3.404999999999999716e+01,-1.810159999999999911e+02
1.893029189109802246e+01,-6.314999999999999858e+01,-3.420000000000000284e+01,-1.800480000000000018e+02
1.900101518630981445e+01,-6.270000000000000284e+01,-3.404999999999999716e+01,-1.802899999999999920e+02
1.906691622734069824e+01,-6.345000000000000284e+01,-3.404999999999999716e+01,-1.795629999999999882e+02
1.913278007507324219e+01,-6.329999999999999716e+01,-3.420000000000000284e+01,-1.805310000000000059e+02
1.919851183891296387e+01,-6.375000000000000000e+01,-3.389999999999999858e+01,-1.802899999999999920e+02
1.926885104179382324e+01,-6.225000000000000000e+01,-3.375000000000000000e+01,-1.800480000000000018e+02
1.933484601974487305e+01,-6.359899999999999665e+01,-3.420000000000000284e+01,-1.798050000000000068e+02
1.940067887306213379e+01,-6.300000000000000000e+01,-3.389999999999999858e+01,-1.800480000000000018e+02
1.946673893928527832e+01,-6.314999999999999858e+01,-3.389999999999999858e+01,-1.798050000000000068e+02
1.953256511688232422e+01,-6.300000000000000000e+01,-3.404999999999999716e+01,-1.800480000000000018e+02
1.960318708419799805e+01,-6.389999999999999858e+01,-3.420000000000000284e+01,-1.783540000000000134e+02
1.966923403739929199e+01,-6.314999999999999858e+01,-3.359899999999999665e+01,-1.798050000000000068e+02
1.973515486717224121e+01,-6.254999999999999716e+01,-3.389999999999999858e+01,-1.802899999999999920e+02
1.980123019218444824e+01,-6.314999999999999858e+01,-3.359899999999999665e+01,-1.800480000000000018e+02
1.986691617965698242e+01,-6.239999999999999858e+01,-3.345000000000000284e+01,-1.793220000000000027e+02
1.993770194053649902e+01,-6.270000000000000284e+01,-3.345000000000000284e+01,-1.805310000000000059e+02
2.000356507301330566e+01,-6.284899999999999665e+01,-3.389999999999999858e+01,-1.807740000000000009e+02
2.006944108009338379e+01,-6.329999999999999716e+01,-3.314999999999999858e+01,-1.793220000000000027e+02
2.013522791862487793e+01,-6.284899999999999665e+01,-3.359899999999999665e+01,-1.793220000000000027e+02
2.020567297935485840e+01,-6.329999999999999716e+01,-3.284899999999999665e+01,-1.800480000000000018e+02
2.027142310142517090e+01,-6.300000000000000000e+01,-3.300000000000000000e+01,-1.788379999999999939e+02
2.033738493919372559e+01,-6.314999999999999858e+01,-3.314999999999999858e+01,-1.802899999999999920e+02
2.040337681770324707e+01,-6.314999999999999858e+01,-3.314999999999999858e+01,-1.790800000000000125e+02
2.046919512748718262e+01,-6.300000000000000000e+01,-3.389999999999999858e+01,-1.790800000000000125e+02
2.053992104530334473e+01,-6.300000000000000000e+01,-3.404999999999999716e+01,-1.800480000000000018e+02
2.060583305358886719e+01,-6.270000000000000284e+01,-3.389999999999999858e+01,-1.802899999999999920e+02
2.067176818847656250e+01,-6.329999999999999716e+01,-3.434899999999999665e+01,-1.802899999999999920e+02
2.073768806457519531e+01,-6.300000000000000000e+01,-3.404999999999999716e+01,-1.798050000000000068e+02
2.080365586280822754e+01,-6.314999999999999858e+01,-3.300000000000000000e+01,-1.783540000000000134e+02
2.087427687644958496e+01,-6.300000000000000000e+01,-3.389999999999999858e+01,-1.795629999999999882e+02
2.094022202491760254e+01,-6.225000000000000000e+01,-3.404999999999999716e+01,-1.795629999999999882e+02
2.100620102882385254e+01,-6.225000000000000000e+01,-3.314999999999999858e+01,-1.807740000000000009e+02
2.107218313217163086e+01,-6.284899999999999665e+01,-3.375000000000000000e+01,-1.793220000000000027e+02
2.114240312576293945e+01,-6.239999999999999858e+01,-3.525000000000000000e+01,-1.788379999999999939e+02
2.120825695991516113e+01,-6.239999999999999858e+01,-3.300000000000000000e+01,-1.798050000000000068e+02
2.127417302131652832e+01,-6.239999999999999858e+01,-3.404999999999999716e+01,-1.798050000000000068e+02
2.134013390541076660e+01,-6.314999999999999858e+01,-3.314999999999999858e+01,-1.788379999999999939e+02
2.140592002868652344e+01,-6.195000000000000284e+01,-3.375000000000000000e+01,-1.802899999999999920e+02
2.147662901878356934e+01,-6.329999999999999716e+01,-3.345000000000000284e+01,-1.795629999999999882e+02
2.154264187812805176e+01,-6.254999999999999716e+01,-3.420000000000000284e+01,-1.800480000000000018e+02
2.160845398902893066e+01,-6.239999999999999858e+01,-3.345000000000000284e+01,-1.798050000000000068e+02
2.167436909675598145e+01,-6.254999999999999716e+01,-3.404999999999999716e+01,-1.802899999999999920e+02
2.174019002914428711e+01,-6.270000000000000284e+01,-3.345000000000000284e+01,-1.793220000000000027e+02
2.181089687347412109e+01,-6.225000000000000000e+01,-3.375000000000000000e+01,-1.798050000000000068e+02
2.187680196762084961e+01,-6.314999999999999858e+01,-3.404999999999999716e+01,-1.795629999999999882e+02
2.194267702102661133e+01,-6.270000000000000284e+01,-3.329999999999999716e+01,-1.790800000000000125e+02
2.200854086875915527e+01,-6.300000000000000000e+01,-3.420000000000000284e+01,-1.788379999999999939e+02
2.207903409004211426e+01,-6.270000000000000284e+01,-3.404999999999999716e+01,-1.807740000000000009e+02
2.214479589462280273e+01,-6.300000000000000000e+01,-3.300000000000000000e+01,-1.800480000000000018e+02
2.221068215370178223e+01,-6.270000000000000284e+01,-3.359899999999999665e+01,-1.790800000000000125e+02
2.227664113044738770e+01,-6.284899999999999665e+01,-3.359899999999999665e+01,-1.802899999999999920e+02
2.234257793426513672e+01,-6.209899999999999665e+01,-3.314999999999999858e+01,-1.781119999999999948e+02
2.241318392753601074e+01,-6.225000000000000000e+01,-3.389999999999999858e+01,-1.800480000000000018e+02
2.247913908958435059e+01,-6.284899999999999665e+01,-3.329999999999999716e+01,-1.795629999999999882e+02
2.254499888420104980e+01,-6.239999999999999858e+01,-3.420000000000000284e+01,-1.788379999999999939e+02
2.261091208457946777e+01,-6.239999999999999858e+01,-3.345000000000000284e+01,-1.795629999999999882e+02
2.267673015594482422e+01,-6.225000000000000000e+01,-3.314999999999999858e+01,-1.790800000000000125e+02
2.274741601943969727e+01,-6.239999999999999858e+01,-3.359899999999999665e+01,-1.785960000000000036e+02
2.281332206726074219e+01,-6.270000000000000284e+01,-3.345000000000000284e+01,-1.798050000000000068e+02
2.287919592857360840e+01,-6.300000000000000000e+01,-3.345000000000000284e+01,-1.788379999999999939e+02
2.294525504112243652e+01,-6.284899999999999665e+01,-3.375000000000000000e+01,-1.788379999999999939e+02
2.301557517051696777e+01,-6.300000000000000000e+01,-3.375000000000000000e+01,-1.788379999999999939e+02
2.308137011528015137e+01,-6.225000000000000000e+01,-3.209899999999999665e+01,-1.800480000000000018e+02
2.314719891548156738e+01,-6.345000000000000284e+01,-3.404999999999999716e+01,-1.788379999999999939e+02
2.321320700645446777e+01,-6.270000000000000284e+01,-3.359899999999999665e+01,-1.788379999999999939e+02
2.327900695800781250e+01,-6.239999999999999858e+01,-3.359899999999999665e+01,-1.790800000000000125e+02
2.334971904754638672e+01,-6.164999999999999858e+01,-3.314999999999999858e+01,-1.790800000000000125e+02
2.341565489768981934e+01,-6.254999999999999716e+01,-3.300000000000000000e+01,-1.771440000000000055e+02
2.348155713081359863e+01,-6.239999999999999858e+01,-3.314999999999999858e+01,-1.790800000000000125e+02
2.354745388031005859e+01,-6.300000000000000000e+01,-3.345000000000000284e+01,-1.800480000000000018e+02
2.361330008506774902e+01,-6.254999999999999716e+01,-3.329999999999999716e+01,-1.795629999999999882e+02
2.368422293663024902e+01,-6.284899999999999665e+01,-3.329999999999999716e+01,-1.785960000000000036e+02
2.374995112419128418e+01,-6.225000000000000000e+01,-3.300000000000000000e+01,-1.795629999999999882e+02
2.381619620323181152e+01,-6.195000000000000284e+01,-3.329999999999999716e+01,-1.788379999999999939e+02
2.388200902938842773e+01,-6.329999999999999716e+01,-3.314999999999999858e+01,-1.795629999999999882e+02
2.395238804817199707e+01,-6.284899999999999665e+01,-3.404999999999999716e+01,-1.776279999999999859e+02
2.401826620101928711e+01,-6.239999999999999858e+01,-3.375000000000000000e+01,-1.788379999999999939e+02
2.408414387702941895e+01,-6.195000000000000284e+01,-3.314999999999999858e+01,-1.788379999999999939e+02
2.415007591247558594e+01,-6.284899999999999665e+01,-3.329999999999999716e+01,-1.795629999999999882e+02
2.421591401100158691e+01,-6.254999999999999716e+01,-3.329999999999999716e+01,-1.785960000000000036e+02
2.428664922714233398e+01,-6.254999999999999716e+01,-3.329999999999999716e+01,-1.793220000000000027e+02
2.435250902175903320e+01,-6.254999999999999716e+01,-3.329999999999999716e+01,-1.793220000000000027e+02
2.441842412948608398e+01,-6.225000000000000000e+01,-3.375000000000000000e+01,-1.781119999999999948e+02
2.448439407348632812e+01,-6.254999999999999716e+01,-3.345000000000000284e+01,-1.788379999999999939e+02
2.455005002021789551e+01,-6.300000000000000000e+01,-3.345000000000000284e+01,-1.783540000000000134e+02
2.462090015411376953e+01,-6.150000000000000000e+01,-3.314999999999999858e+01,-1.790800000000000125e+02
2.468687200546264648e+01,-6.209899999999999665e+01,-3.375000000000000000e+01,-1.785960000000000036e+02
2.475287103652954102e+01,-6.179999999999999716e+01,-3.345000000000000284e+01,-1.778700000000000045e+02
2.481863808631896973e+01,-6.254999999999999716e+01,-3.345000000000000284e+01,-1.802899999999999920e+02
2.488918614387512207e+01,-6.225000000000000000e+01,-3.284899999999999665e+01,-1.798050000000000068e+02
2.495469903945922852e+01,-6.225000000000000000e+01,-3.300000000000000000e+01,-1.788379999999999939e+02
2.502070713043212891e+01,-6.225000000000000000e+01,-3.359899999999999665e+01,-1.795629999999999882e+02
2.508668398857116699e+01,-6.209899999999999665e+01,-3.270000000000000284e+01,-1.793220000000000027e+02
2.515245604515075684e+01,-6.284899999999999665e+01,-3.345000000000000284e+01,-1.793220000000000027e+02
2.522316002845764160e+01,-6.225000000000000000e+01,-3.404999999999999716e+01,-1.785960000000000036e+02
2.528915095329284668e+01,-6.270000000000000284e+01,-3.375000000000000000e+01,-1.790800000000000125e+02
2.535517001152038574e+01,-6.284899999999999665e+01,-3.389999999999999858e+01,-1.795629999999999882e+02
2.542105507850646973e+01,-6.254999999999999716e+01,-3.359899999999999665e+01,-1.781119999999999948e+02
2.548695087432861328e+01,-6.239999999999999858e+01,-3.404999999999999716e+01,-1.783540000000000134e+02
2.555736303329467773e+01,-6.270000000000000284e+01,-3.284899999999999665e+01,-1.793220000000000027e+02
2.562342309951782227e+01,-6.254999999999999716e+01,-3.389999999999999858e+01,-1.785960000000000036e+02
2.568935990333557129e+01,-6.164999999999999858e+01,-3.270000000000000284e+01,-1.788379999999999939e+02
2.575519108772277832e+01,-6.164999999999999858e+01,-3.359899999999999665e+01,-1.793220000000000027e+02
2.582558393478393555e+01,-6.195000000000000284e+01,-3.284899999999999665e+01,-1.788379999999999939e+02
2.589133000373840332e+01,-6.239999999999999858e+01,-3.270000000000000284e+01,-1.781119999999999948e+02
2.595719504356384277e+01,-6.150000000000000000e+01,-3.314999999999999858e+01,-1.798050000000000068e+02
2.602323412895202637e+01,-6.195000000000000284e+01,-3.314999999999999858e+01,-1.776279999999999859e+02
2.608917498588562012e+01,-6.225000000000000000e+01,-3.270000000000000284e+01,-1.793220000000000027e+02
2.615980696678161621e+01,-6.120000000000000284e+01,-3.329999999999999716e+01,-1.793220000000000027e+02
2.622570180892944336e+01,-6.209899999999999665e+01,-3.284899999999999665e+01,-1.773849999999999909e+02
2.629156517982482910e+01,-6.120000000000000284e+01,-3.359899999999999665e+01,-1.785960000000000036e+02
2.635746216773986816e+01,-6.179999999999999716e+01,-3.284899999999999665e+01,-1.790800000000000125e+02
2.642333483695983887e+01,-6.270000000000000284e+01,-3.404999999999999716e+01,-1.790800000000000125e+02
2.649397206306457520e+01,-6.150000000000000000e+01,-3.345000000000000284e+01,-1.778700000000000045e+02
2.655990600585937500e+01,-6.164999999999999858e+01,-3.300000000000000000e+01,-1.781119999999999948e+02
2.662581515312194824e+01,-6.239999999999999858e+01,-3.359899999999999665e+01,-1.785960000000000036e+02
2.669153785705566406e+01,-6.179999999999999716e+01,-3.420000000000000284e+01,-1.793220000000000027e+02
2.676196408271789551e+01,-6.195000000000000284e+01,-3.284899999999999665e+01,-1.783540000000000134e+02
2.682773303985595703e+01,-6.195000000000000284e+01,-3.359899999999999665e+01,-1.781119999999999948e+02
2.689362907409667969e+01,-6.164999999999999858e+01,-3.389999999999999858e+01,-1.781119999999999948e+02
2.695959305763244629e+01,-6.150000000000000000e+01,-3.314999999999999858e+01,-1.781119999999999948e+02
2.702540016174316406e+01,-6.225000000000000000e+01,-3.345000000000000284e+01,-1.793220000000000027e+02
2.709628391265869141e+01,-6.195000000000000284e+01,-3.300000000000000000e+01,-1.778700000000000045e+02
2.716205692291259766e+01,-6.209899999999999665e+01,-3.270000000000000284e+01,-1.800480000000000018e+02
2.722788000106811523e+01,-6.254999999999999716e+01,-3.359899999999999665e+01,-1.778700000000000045e+02
2.729379510879516602e+01,-6.209899999999999665e+01,-3.225000000000000000e+01,-1.795629999999999882e+02
2.735959196090698242e+01,-6.209899999999999665e+01,-3.345000000000000284e+01,-1.785960000000000036e+02
2.743028402328491211e+01,-6.150000000000000000e+01,-3.329999999999999716e+01,-1.776279999999999859e+02
2.749633693695068359e+01,-6.195000000000000284e+01,-3.329999999999999716e+01,-1.795629999999999882e+02
2.756220912933349609e+01,-6.150000000000000000e+01,-3.375000000000000000e+01,-1.785960000000000036e+02
2.762797212600708008e+01,-6.179999999999999716e+01,-3.375000000000000000e+01,-1.781119999999999948e+02
2.769843792915344238e+01,-6.104999999999999716e+01,-3.300000000000000000e+01,-1.788379999999999939e+02
2.776428103446960449e+01,-6.179999999999999716e+01,-3.329999999999999716e+01,-1.790800000000000125e+02
2.783011412620544434e+01,-6.225000000000000000e+01,-3.284899999999999665e+01,-1.771440000000000055e+02
2.789618611335754395e+01,-6.225000000000000000e+01,-3.329999999999999716e+01,-1.778700000000000045e+02
2.796191787719726562e+01,-6.270000000000000284e+01,-3.314999999999999858e+01,-1.790800000000000125e+02
2.803262901306152344e+01,-6.195000000000000284e+01,-3.284899999999999665e+01,-1.790800000000000125e+02
2.809855484962463379e+01,-6.254999999999999716e+01,-3.314999999999999858e+01,-1.781119999999999948e+02
2.816443395614624023e+01,-6.150000000000000000e+01,-3.239999999999999858e+01,-1.781119999999999948e+02
2.823032808303833008e+01,-6.150000000000000000e+01,-3.359899999999999665e+01,-1.788379999999999939e+02
2.829623103141784668e+01,-6.164999999999999858e+01,-3.359899999999999665e+01,-1.771440000000000055e+02
2.836684608459472656e+01,-6.225000000000000000e+01,-3.270000000000000284e+01,-1.776279999999999859e+02
2.843279480934143066e+01,-6.209899999999999665e+01,-3.300000000000000000e+01,-1.785960000000000036e+02
2.849865508079528809e+01,-6.254999999999999716e+01,-3.345000000000000284e+01,-1.781119999999999948e+02
2.856460809707641602e+01,-6.209899999999999665e+01,-3.345000000000000284e+01,-1.785960000000000036e+02
2.863506197929382324e+01,-6.150000000000000000e+01,-3.239999999999999858e+01,-1.776279999999999859e+02
2.870089602470397949e+01,-6.314999999999999858e+01,-3.284899999999999665e+01,-1.778700000000000045e+02
2.876670598983764648e+01,-6.179999999999999716e+01,-3.314999999999999858e+01,-1.773849999999999909e+02
2.883267211914062500e+01,-6.239999999999999858e+01,-3.270000000000000284e+01,-1.778700000000000045e+02
2.889849400520324707e+01,-6.209899999999999665e+01,-3.164999999999999858e+01,-1.776279999999999859e+02
2.896918702125549316e+01,-6.195000000000000284e+01,-3.239999999999999858e+01,-1.778700000000000045e+02
2.903510808944702148e+01,-6.179999999999999716e+01,-3.314999999999999858e+01,-1.781119999999999948e+02
2.910110116004943848e+01,-6.164999999999999858e+01,-3.300000000000000000e+01,-1.773849999999999909e+02
2.916691994667053223e+01,-6.254999999999999716e+01,-3.329999999999999716e+01,-1.785960000000000036e+02
2.923274183273315430e+01,-6.164999999999999858e+01,-3.270000000000000284e+01,-1.785960000000000036e+02
2.930344295501708984e+01,-6.104999999999999716e+01,-3.300000000000000000e+01,-1.788379999999999939e+02
2.936942791938781738e+01,-6.195000000000000284e+01,-3.270000000000000284e+01,-1.781119999999999948e+02
2.943542718887329102e+01,-6.150000000000000000e+01,-3.209899999999999665e+01,-1.781119999999999948e+02
2.950122714042663574e+01,-6.195000000000000284e+01,-3.375000000000000000e+01,-1.771440000000000055e+02
2.957161712646484375e+01,-6.120000000000000284e+01,-3.194999999999999929e+01,-1.778700000000000045e+02
2.963749003410339355e+01,-6.164999999999999858e+01,-3.225000000000000000e+01,-1.783540000000000134e+02
2.970340704917907715e+01,-6.164999999999999858e+01,-3.300000000000000000e+01,-1.781119999999999948e+02
2.976929688453674316e+01,-6.150000000000000000e+01,-3.270000000000000284e+01,-1.778700000000000045e+02
2.983511400222778320e+01,-6.209899999999999665e+01,-3.284899999999999665e+01,-1.783540000000000134e+02
2.990582823753356934e+01,-6.179999999999999716e+01,-3.239999999999999858e+01,-1.788379999999999939e+02
2.997173619270324707e+01,-6.179999999999999716e+01,-3.254999999999999716e+01,-1.771440000000000055e+02
3.003768610954284668e+01,-6.179999999999999716e+01,-3.284899999999999665e+01,-1.778700000000000045e+02
3.010362195968627930e+01,-6.134899999999999665e+01,-3.284899999999999665e+01,-1.788379999999999939e+02
3.016939902305603027e+01,-6.150000000000000000e+01,-3.329999999999999716e+01,-1.788379999999999939e+02
3.024023818969726562e+01,-6.195000000000000284e+01,-3.239999999999999858e+01,-1.788379999999999939e+02
3.030603694915771484e+01,-6.150000000000000000e+01,-3.329999999999999716e+01,-1.773849999999999909e+02
3.037204408645629883e+01,-6.209899999999999665e+01,-3.270000000000000284e+01,-1.773849999999999909e+02
3.043791007995605469e+01,-6.179999999999999716e+01,-3.225000000000000000e+01,-1.788379999999999939e+02
3.050840401649475098e+01,-6.209899999999999665e+01,-3.270000000000000284e+01,-1.776279999999999859e+02
3.057425999641418457e+01,-6.195000000000000284e+01,-3.270000000000000284e+01,-1.783540000000000134e+02
3.064019417762756348e+01,-6.195000000000000284e+01,-3.239999999999999858e+01,-1.776279999999999859e+02
3.070618796348571777e+01,-6.134899999999999665e+01,-3.300000000000000000e+01,-1.788379999999999939e+02
3.077177405357360840e+01,-6.120000000000000284e+01,-3.284899999999999665e+01,-1.785960000000000036e+02
3.084260201454162598e+01,-6.179999999999999716e+01,-3.284899999999999665e+01,-1.776279999999999859e+02
3.090847992897033691e+01,-6.150000000000000000e+01,-3.284899999999999665e+01,-1.785960000000000036e+02
3.097436690330505371e+01,-6.150000000000000000e+01,-3.300000000000000000e+01,-1.785960000000000036e+02
3.104030013084411621e+01,-6.225000000000000000e+01,-3.239999999999999858e+01,-1.793220000000000027e+02
3.110623788833618164e+01,-6.179999999999999716e+01,-3.345000000000000284e+01,-1.785960000000000036e+02
3.117676210403442383e+01,-6.225000000000000000e+01,-3.284899999999999665e+01,-1.776279999999999859e+02
3.124281811714172363e+01,-6.089999999999999858e+01,-3.284899999999999665e+01,-1.781119999999999948e+02
3.130880904197692871e+01,-6.104999999999999716e+01,-3.284899999999999665e+01,-1.771440000000000055e+02
3.137473201751708984e+01,-6.164999999999999858e+01,-3.329999999999999716e+01,-1.781119999999999948e+02
3.144519400596618652e+01,-6.225000000000000000e+01,-3.254999999999999716e+01,-1.788379999999999939e+02
3.151101279258728027e+01,-6.254999999999999716e+01,-3.329999999999999716e+01,-1.790800000000000125e+02
3.157689094543457031e+01,-6.150000000000000000e+01,-3.314999999999999858e+01,-1.783540000000000134e+02
3.164288306236267090e+01,-6.179999999999999716e+01,-3.284899999999999665e+01,-1.788379999999999939e+02
3.170866799354553223e+01,-6.150000000000000000e+01,-3.375000000000000000e+01,-1.788379999999999939e+02
3.177940893173217773e+01,-6.164999999999999858e+01,-3.270000000000000284e+01,-1.785960000000000036e+02
3.184532999992370605e+01,-6.209899999999999665e+01,-3.314999999999999858e+01,-1.776279999999999859e+02
3.191117691993713379e+01,-6.150000000000000000e+01,-3.300000000000000000e+01,-1.783540000000000134e+02
3.197708487510681152e+01,-6.239999999999999858e+01,-3.284899999999999665e+01,-1.781119999999999948e+02
3.204297494888305664e+01,-6.150000000000000000e+01,-3.194999999999999929e+01,-1.783540000000000134e+02
3.211360406875610352e+01,-6.104999999999999716e+01,-3.389999999999999858e+01,-1.785960000000000036e+02
3.217961287498474121e+01,-6.120000000000000284e+01,-3.284899999999999665e+01,-1.785960000000000036e+02
3.224559593200683594e+01,-6.164999999999999858e+01,-3.329999999999999716e+01,-1.783540000000000134e+02
3.231134390830993652e+01,-6.195000000000000284e+01,-3.345000000000000284e+01,-1.788379999999999939e+02
3.238181090354919434e+01,-6.134899999999999665e+01,-3.329999999999999716e+01,-1.785960000000000036e+02
3.244763493537902832e+01,-6.104999999999999716e+01,-3.209899999999999665e+01,-1.781119999999999948e+02
3.251347994804382324e+01,-6.150000000000000000e+01,-3.375000000000000000e+01,-1.781119999999999948e+02
3.257947897911071777e+01,-6.209899999999999665e+01,-3.254999999999999716e+01,-1.790800000000000125e+02
3.264528703689575195e+01,-6.209899999999999665e+01,-3.300000000000000000e+01,-1.778700000000000045e+02
3.271598386764526367e+01,-6.254999999999999716e+01,-3.314999999999999858e+01,-1.785960000000000036e+02
3.278190803527832031e+01,-6.134899999999999665e+01,-3.345000000000000284e+01,-1.771440000000000055e+02
3.284781813621520996e+01,-6.239999999999999858e+01,-3.329999999999999716e+01,-1.778700000000000045e+02
3.291352915763854980e+01,-6.120000000000000284e+01,-3.404999999999999716e+01,-1.781119999999999948e+02
3.297943806648254395e+01,-6.089999999999999858e+01,-3.314999999999999858e+01,-1.773849999999999909e+02
3.305014300346374512e+01,-6.209899999999999665e+01,-3.314999999999999858e+01,-1.778700000000000045e+02
3.311626100540161133e+01,-6.179999999999999716e+01,-3.270000000000000284e+01,-1.785960000000000036e+02
3.318229103088378906e+01,-6.164999999999999858e+01,-3.359899999999999665e+01,-1.785960000000000036e+02
3.324822711944580078e+01,-6.195000000000000284e+01,-3.254999999999999716e+01,-1.783540000000000134e+02
3.331852912902832031e+01,-6.195000000000000284e+01,-3.329999999999999716e+01,-1.783540000000000134e+02
3.338445305824279785e+01,-6.195000000000000284e+01,-3.359899999999999665e+01,-1.781119999999999948e+02
3.345021605491638184e+01,-6.209899999999999665e+01,-3.284899999999999665e+01,-1.790800000000000125e+02
3.351620984077453613e+01,-6.164999999999999858e+01,-3.300000000000000000e+01,-1.781119999999999948e+02
3.358205389976501465e+01,-6.179999999999999716e+01,-3.329999999999999716e+01,-1.800480000000000018e+02
3.365274286270141602e+01,-6.239999999999999858e+01,-3.329999999999999716e+01,-1.785960000000000036e+02
3.371861290931701660e+01,-6.150000000000000000e+01,-3.329999999999999716e+01,-1.783540000000000134e+02
3.378464102745056152e+01,-6.225000000000000000e+01,-3.209899999999999665e+01,-1.783540000000000134e+02
3.385047912597656250e+01,-6.225000000000000000e+01,-3.314999999999999858e+01,-1.788379999999999939e+02
3.391628122329711914e+01,-6.209899999999999665e+01,-3.389999999999999858e+01,-1.790800000000000125e+02
3.398721098899841309e+01,-6.209899999999999665e+01,-3.300000000000000000e+01,-1.783540000000000134e+02
3.405288410186767578e+01,-6.179999999999999716e+01,-3.434899999999999665e+01,-1.788379999999999939e+02
3.411892008781433105e+01,-6.209899999999999665e+01,-3.345000000000000284e+01,-1.783540000000000134e+02
3.418475103378295898e+01,-6.284899999999999665e+01,-3.270000000000000284e+01,-1.785960000000000036e+02
3.425524711608886719e+01,-6.164999999999999858e+01,-3.359899999999999665e+01,-1.773849999999999909e+02
3.432103395462036133e+01,-6.150000000000000000e+01,-3.359899999999999665e+01,-1.783540000000000134e+02
3.438689422607421875e+01,-6.164999999999999858e+01,-3.314999999999999858e+01,-1.785960000000000036e+02
3.445283699035644531e+01,-6.225000000000000000e+01,-3.284899999999999665e+01,-1.783540000000000134e+02
3.451860213279724121e+01,-6.179999999999999716e+01,-3.359899999999999665e+01,-1.790800000000000125e+02
3.458933997154235840e+01,-6.209899999999999665e+01,-3.329999999999999716e+01,-1.781119999999999948e+02
3.465529704093933105e+01,-6.239999999999999858e+01,-3.284899999999999665e+01,-1.790800000000000125e+02
3.472148609161376953e+01,-6.150000000000000000e+01,-3.345000000000000284e+01,-1.788379999999999939e+02
3.478712511062622070e+01,-6.150000000000000000e+01,-3.389999999999999858e+01,-1.778700000000000045e+02
3.485291504859924316e+01,-6.179999999999999716e+01,-3.254999999999999716e+01,-1.776279999999999859e+02
3.492367315292358398e+01,-6.179999999999999716e+01,-3.314999999999999858e+01,-1.785960000000000036e+02
3.498956203460693359e+01,-6.195000000000000284e+01,-3.314999999999999858e+01,-1.785960000000000036e+02
3.505558514595031738e+01,-6.239999999999999858e+01,-3.300000000000000000e+01,-1.788379999999999939e+02
3.512149000167846680e+01,-6.179999999999999716e+01,-3.284899999999999665e+01,-1.788379999999999939e+02
3.519172620773315430e+01,-6.239999999999999858e+01,-3.375000000000000000e+01,-1.788379999999999939e+02
3.525761795043945312e+01,-6.284899999999999665e+01,-3.314999999999999858e+01,-1.785960000000000036e+02
3.532343816757202148e+01,-6.225000000000000000e+01,-3.300000000000000000e+01,-1.785960000000000036e+02
3.538944101333618164e+01,-6.270000000000000284e+01,-3.329999999999999716e+01,-1.781119999999999948e+02
3.545525884628295898e+01,-6.195000000000000284e+01,-3.314999999999999858e+01,-1.793220000000000027e+02
3.552588486671447754e+01,-6.209899999999999665e+01,-3.389999999999999858e+01,-1.781119999999999948e+02
3.559187102317810059e+01,-6.195000000000000284e+01,-3.329999999999999716e+01,-1.805310000000000059e+02
3.565776491165161133e+01,-6.225000000000000000e+01,-3.375000000000000000e+01,-1.793220000000000027e+02
3.572364997863769531e+01,-6.209899999999999665e+01,-3.375000000000000000e+01,-1.788379999999999939e+02
3.578949093818664551e+01,-6.270000000000000284e+01,-3.345000000000000284e+01,-1.788379999999999939e+02
3.586027383804321289e+01,-6.225000000000000000e+01,-3.345000000000000284e+01,-1.781119999999999948e+02
3.592629408836364746e+01,-6.225000000000000000e+01,-3.345000000000000284e+01,-1.790800000000000125e+02
3.599227499961853027e+01,-6.239999999999999858e+01,-3.359899999999999665e+01,-1.788379999999999939e+02
3.605813002586364746e+01,-6.239999999999999858e+01,-3.359899999999999665e+01,-1.790800000000000125e+02
3.612842488288879395e+01,-6.179999999999999716e+01,-3.420000000000000284e+01,-1.790800000000000125e+02
3.619435000419616699e+01,-6.209899999999999665e+01,-3.404999999999999716e+01,-1.785960000000000036e+02
3.626019001007080078e+01,-6.225000000000000000e+01,-3.345000000000000284e+01,-1.793220000000000027e+02
3.632626199722290039e+01,-6.300000000000000000e+01,-3.420000000000000284e+01,-1.783540000000000134e+02
3.639195609092712402e+01,-6.254999999999999716e+01,-3.434899999999999665e+01,-1.798050000000000068e+02
3.646269011497497559e+01,-6.270000000000000284e+01,-3.270000000000000284e+01,-1.790800000000000125e+02
3.652863907814025879e+01,-6.164999999999999858e+01,-3.345000000000000284e+01,-1.785960000000000036e+02
3.659450292587280273e+01,-6.225000000000000000e+01,-3.225000000000000000e+01,-1.788379999999999939e+02
3.666042590141296387e+01,-6.239999999999999858e+01,-3.345000000000000284e+01,-1.800480000000000018e+02
3.672635912895202637e+01,-6.270000000000000284e+01,-3.375000000000000000e+01,-1.785960000000000036e+02
3.679694795608520508e+01,-6.225000000000000000e+01,-3.284899999999999665e+01,-1.790800000000000125e+02
3.686296081542968750e+01,-6.284899999999999665e+01,-3.434899999999999665e+01,-1.793220000000000027e+02
3.692895317077636719e+01,-6.225000000000000000e+01,-3.375000000000000000e+01,-1.790800000000000125e+02
3.699469900131225586e+01,-6.254999999999999716e+01,-3.270000000000000284e+01,-1.781119999999999948e+02
3.706524610519409180e+01,-6.254999999999999716e+01,-3.284899999999999665e+01,-1.795629999999999882e+02
3.713098692893981934e+01,-6.134899999999999665e+01,-3.420000000000000284e+01,-1.795629999999999882e+02
3.719684505462646484e+01,-6.239999999999999858e+01,-3.300000000000000000e+01,-1.807740000000000009e+02
3.726284599304199219e+01,-6.270000000000000284e+01,-3.389999999999999858e+01,-1.790800000000000125e+02
3.732875299453735352e+01,-6.209899999999999665e+01,-3.284899999999999665e+01,-1.781119999999999948e+02
3.739939093589782715e+01,-6.284899999999999665e+01,-3.329999999999999716e+01,-1.790800000000000125e+02
3.746530008316040039e+01,-6.300000000000000000e+01,-3.345000000000000284e+01,-1.807740000000000009e+02
3.753116917610168457e+01,-6.239999999999999858e+01,-3.359899999999999665e+01,-1.790800000000000125e+02
3.759710311889648438e+01,-6.179999999999999716e+01,-3.359899999999999665e+01,-1.793220000000000027e+02
3.766291999816894531e+01,-6.195000000000000284e+01,-3.359899999999999665e+01,-1.798050000000000068e+02
3.773364901542663574e+01,-6.209899999999999665e+01,-3.404999999999999716e+01,-1.785960000000000036e+02
3.779962396621704102e+01,-6.284899999999999665e+01,-3.375000000000000000e+01,-1.788379999999999939e+02
3.786561417579650879e+01,-6.300000000000000000e+01,-3.329999999999999716e+01,-1.788379999999999939e+02
3.793138098716735840e+01,-6.254999999999999716e+01,-3.314999999999999858e+01,-1.790800000000000125e+02
3.800175809860229492e+01,-6.270000000000000284e+01,-3.375000000000000000e+01,-1.800480000000000018e+02
3.806772089004516602e+01,-6.239999999999999858e+01,-3.329999999999999716e+01,-1.800480000000000018e+02
3.813352799415588379e+01,-6.329999999999999716e+01,-3.314999999999999858e+01,-1.795629999999999882e+02
3.819950318336486816e+01,-6.270000000000000284e+01,-3.375000000000000000e+01,-1.785960000000000036e+02
3.826531004905700684e+01,-6.270000000000000284e+01,-3.375000000000000000e+01,-1.790800000000000125e+02
3.833600401878356934e+01,-6.345000000000000284e+01,-3.284899999999999665e+01,-1.793220000000000027e+02
3.840195298194885254e+01,-6.284899999999999665e+01,-3.345000000000000284e+01,-1.793220000000000027e+02
3.846791720390319824e+01,-6.270000000000000284e+01,-3.345000000000000284e+01,-1.788379999999999939e+02
3.853380298614501953e+01,-6.300000000000000000e+01,-3.375000000000000000e+01,-1.790800000000000125e+02
3.859965109825134277e+01,-6.329999999999999716e+01,-3.375000000000000000e+01,-1.798050000000000068e+02
3.867042398452758789e+01,-6.254999999999999716e+01,-3.314999999999999858e+01,-1.785960000000000036e+02
3.873627901077270508e+01,-6.270000000000000284e+01,-3.389999999999999858e+01,-1.793220000000000027e+02
3.880224418640136719e+01,-6.284899999999999665e+01,-3.329999999999999716e+01,-1.790800000000000125e+02
3.886803507804870605e+01,-6.209899999999999665e+01,-3.389999999999999858e+01,-1.798050000000000068e+02
3.893852710723876953e+01,-6.345000000000000284e+01,-3.375000000000000000e+01,-1.793220000000000027e+02
3.900436615943908691e+01,-6.225000000000000000e+01,-3.375000000000000000e+01,-1.790800000000000125e+02
3.907026791572570801e+01,-6.225000000000000000e+01,-3.359899999999999665e+01,-1.795629999999999882e+02
3.913610696792602539e+01,-6.375000000000000000e+01,-3.375000000000000000e+01,-1.793220000000000027e+02
3.920201015472412109e+01,-6.270000000000000284e+01,-3.450000000000000000e+01,-1.800480000000000018e+02
3.927268886566162109e+01,-6.300000000000000000e+01,-3.375000000000000000e+01,-1.793220000000000027e+02
3.933863496780395508e+01,-6.270000000000000284e+01,-3.359899999999999665e+01,-1.785960000000000036e+02
3.940459918975830078e+01,-6.284899999999999665e+01,-3.389999999999999858e+01,-1.798050000000000068e+02
3.947045707702636719e+01,-6.345000000000000284e+01,-3.464999999999999858e+01,-1.802899999999999920e+02
3.953623509407043457e+01,-6.254999999999999716e+01,-3.270000000000000284e+01,-1.798050000000000068e+02
3.960692715644836426e+01,-6.239999999999999858e+01,-3.345000000000000284e+01,-1.800480000000000018e+02
3.967285895347595215e+01,-6.314999999999999858e+01,-3.404999999999999716e+01,-1.793220000000000027e+02
3.973870801925659180e+01,-6.284899999999999665e+01,-3.359899999999999665e+01,-1.793220000000000027e+02
3.980475187301635742e+01,-6.300000000000000000e+01,-3.389999999999999858e+01,-1.807740000000000009e+02
3.987507796287536621e+01,-6.314999999999999858e+01,-3.420000000000000284e+01,-1.798050000000000068e+02
3.994096112251281738e+01,-6.209899999999999665e+01,-3.389999999999999858e+01,-1.798050000000000068e+02
4.000681805610656738e+01,-6.359899999999999665e+01,-3.359899999999999665e+01,-1.790800000000000125e+02
4.007278013229370117e+01,-6.239999999999999858e+01,-3.420000000000000284e+01,-1.798050000000000068e+02
4.013853693008422852e+01,-6.270000000000000284e+01,-3.389999999999999858e+01,-1.802899999999999920e+02
4.020939397811889648e+01,-6.270000000000000284e+01,-3.389999999999999858e+01,-1.798050000000000068e+02
4.027527904510498047e+01,-6.195000000000000284e+01,-3.420000000000000284e+01,-1.805310000000000059e+02
4.034123706817626953e+01,-6.300000000000000000e+01,-3.434899999999999665e+01,-1.795629999999999882e+02
4.040711808204650879e+01,-6.329999999999999716e+01,-3.359899999999999665e+01,-1.798050000000000068e+02
4.047298002243041992e+01,-6.254999999999999716e+01,-3.404999999999999716e+01,-1.800480000000000018e+02
4.054366207122802734e+01,-6.345000000000000284e+01,-3.450000000000000000e+01,-1.807740000000000009e+02
4.060967087745666504e+01,-6.314999999999999858e+01,-3.450000000000000000e+01,-1.800480000000000018e+02
4.067549705505371094e+01,-6.270000000000000284e+01,-3.420000000000000284e+01,-1.800480000000000018e+02
4.074120306968688965e+01,-6.314999999999999858e+01,-3.389999999999999858e+01,-1.795629999999999882e+02
4.081191611289978027e+01,-6.284899999999999665e+01,-3.375000000000000000e+01,-1.805310000000000059e+02
4.087773585319519043e+01,-6.359899999999999665e+01,-3.404999999999999716e+01,-1.795629999999999882e+02
4.094359922409057617e+01,-6.284899999999999665e+01,-3.434899999999999665e+01,-1.805310000000000059e+02
4.100957298278808594e+01,-6.359899999999999665e+01,-3.434899999999999665e+01,-1.805310000000000059e+02
4.107542991638183594e+01,-6.329999999999999716e+01,-3.375000000000000000e+01,-1.807740000000000009e+02
4.114602088928222656e+01,-6.314999999999999858e+01,-3.375000000000000000e+01,-1.793220000000000027e+02
4.121208286285400391e+01,-6.270000000000000284e+01,-3.420000000000000284e+01,-1.805310000000000059e+02
4.127799105644226074e+01,-6.300000000000000000e+01,-3.434899999999999665e+01,-1.795629999999999882e+02
4.134390401840209961e+01,-6.359899999999999665e+01,-3.464999999999999858e+01,-1.807740000000000009e+02
4.140972399711608887e+01,-6.284899999999999665e+01,-3.420000000000000284e+01,-1.812580000000000098e+02
4.148042392730712891e+01,-6.284899999999999665e+01,-3.434899999999999665e+01,-1.807740000000000009e+02
4.154648494720458984e+01,-6.345000000000000284e+01,-3.434899999999999665e+01,-1.795629999999999882e+02
4.161229014396667480e+01,-6.345000000000000284e+01,-3.359899999999999665e+01,-1.807740000000000009e+02
4.167824101448059082e+01,-6.359899999999999665e+01,-3.464999999999999858e+01,-1.802899999999999920e+02
4.174868106842041016e+01,-6.375000000000000000e+01,-3.420000000000000284e+01,-1.793220000000000027e+02
4.181456804275512695e+01,-6.314999999999999858e+01,-3.434899999999999665e+01,-1.790800000000000125e+02
4.188044595718383789e+01,-6.254999999999999716e+01,-3.359899999999999665e+01,-1.795629999999999882e+02
4.194641995429992676e+01,-6.329999999999999716e+01,-3.450000000000000000e+01,-1.807740000000000009e+02
4.201216697692871094e+01,-6.300000000000000000e+01,-3.389999999999999858e+01,-1.812580000000000098e+02
4.208294606208801270e+01,-6.300000000000000000e+01,-3.495000000000000284e+01,-1.800480000000000018e+02
4.214879894256591797e+01,-6.329999999999999716e+01,-3.420000000000000284e+01,-1.795629999999999882e+02
4.221479916572570801e+01,-6.375000000000000000e+01,-3.359899999999999665e+01,-1.810159999999999911e+02
4.228069901466369629e+01,-6.359899999999999665e+01,-3.420000000000000284e+01,-1.802899999999999920e+02
4.234655213356018066e+01,-6.329999999999999716e+01,-3.479999999999999716e+01,-1.805310000000000059e+02
4.241725707054138184e+01,-6.359899999999999665e+01,-3.479999999999999716e+01,-1.793220000000000027e+02
4.248326921463012695e+01,-6.345000000000000284e+01,-3.525000000000000000e+01,-1.798050000000000068e+02
4.254932308197021484e+01,-6.254999999999999716e+01,-3.389999999999999858e+01,-1.807740000000000009e+02
4.261528921127319336e+01,-6.329999999999999716e+01,-3.389999999999999858e+01,-1.805310000000000059e+02
4.268566107749938965e+01,-6.284899999999999665e+01,-3.450000000000000000e+01,-1.798050000000000068e+02
4.275147509574890137e+01,-6.404999999999999716e+01,-3.404999999999999716e+01,-1.798050000000000068e+02
4.281729316711425781e+01,-6.389999999999999858e+01,-3.479999999999999716e+01,-1.810159999999999911e+02
4.288329696655273438e+01,-6.359899999999999665e+01,-3.434899999999999665e+01,-1.810159999999999911e+02
4.294912004470825195e+01,-6.314999999999999858e+01,-3.464999999999999858e+01,-1.798050000000000068e+02
4.301981210708618164e+01,-6.389999999999999858e+01,-3.479999999999999716e+01,-1.812580000000000098e+02
4.308574008941650391e+01,-6.389999999999999858e+01,-3.479999999999999716e+01,-1.805310000000000059e+02
4.315153408050537109e+01,-6.284899999999999665e+01,-3.539999999999999858e+01,-1.802899999999999920e+02
4.321758913993835449e+01,-6.389999999999999858e+01,-3.434899999999999665e+01,-1.800480000000000018e+02
4.328340506553649902e+01,-6.300000000000000000e+01,-3.434899999999999665e+01,-1.802899999999999920e+02
4.335417199134826660e+01,-6.345000000000000284e+01,-3.434899999999999665e+01,-1.812580000000000098e+02
4.342006611824035645e+01,-6.314999999999999858e+01,-3.479999999999999716e+01,-1.798050000000000068e+02
4.348610091209411621e+01,-6.404999999999999716e+01,-3.479999999999999716e+01,-1.805310000000000059e+02
4.355202698707580566e+01,-6.359899999999999665e+01,-3.389999999999999858e+01,-1.812580000000000098e+02
4.362245512008666992e+01,-6.359899999999999665e+01,-3.479999999999999716e+01,-1.793220000000000027e+02
4.368831801414489746e+01,-6.359899999999999665e+01,-3.434899999999999665e+01,-1.807740000000000009e+02
4.375431394577026367e+01,-6.375000000000000000e+01,-3.539999999999999858e+01,-1.817419999999999902e+02
4.382032799720764160e+01,-6.404999999999999716e+01,-3.420000000000000284e+01,-1.805310000000000059e+02
4.388593101501464844e+01,-6.389999999999999858e+01,-3.495000000000000284e+01,-1.802899999999999920e+02
4.395669603347778320e+01,-6.345000000000000284e+01,-3.539999999999999858e+01,-1.807740000000000009e+02
4.402260088920593262e+01,-6.389999999999999858e+01,-3.464999999999999858e+01,-1.802899999999999920e+02
4.408853816986083984e+01,-6.434999999999999432e+01,-3.464999999999999858e+01,-1.805310000000000059e+02
4.415433812141418457e+01,-6.389999999999999858e+01,-3.509899999999999665e+01,-1.812580000000000098e+02
4.422049689292907715e+01,-6.359899999999999665e+01,-3.479999999999999716e+01,-1.812580000000000098e+02
4.429094719886779785e+01,-6.404999999999999716e+01,-3.495000000000000284e+01,-1.802899999999999920e+02
4.435687303543090820e+01,-6.375000000000000000e+01,-3.539999999999999858e+01,-1.817419999999999902e+02
4.442288112640380859e+01,-6.389999999999999858e+01,-3.450000000000000000e+01,-1.815000000000000000e+02
4.448861598968505859e+01,-6.345000000000000284e+01,-3.420000000000000284e+01,-1.807740000000000009e+02
4.455915117263793945e+01,-6.375000000000000000e+01,-3.554999999999999716e+01,-1.807740000000000009e+02
4.462491106986999512e+01,-6.389999999999999858e+01,-3.464999999999999858e+01,-1.812580000000000098e+02
4.469070315361022949e+01,-6.404999999999999716e+01,-3.464999999999999858e+01,-1.798050000000000068e+02
4.475674009323120117e+01,-6.389999999999999858e+01,-3.539999999999999858e+01,-1.795629999999999882e+02
4.482252001762390137e+01,-6.540000000000000568e+01,-3.495000000000000284e+01,-1.817419999999999902e+02
4.489317989349365234e+01,-6.359899999999999665e+01,-3.464999999999999858e+01,-1.807740000000000009e+02
4.495915198326110840e+01,-6.434999999999999432e+01,-3.495000000000000284e+01,-1.807740000000000009e+02
4.502504396438598633e+01,-6.389999999999999858e+01,-3.450000000000000000e+01,-1.807740000000000009e+02
4.509095311164855957e+01,-6.404999999999999716e+01,-3.434899999999999665e+01,-1.805310000000000059e+02
4.515669608116149902e+01,-6.450000000000000000e+01,-3.525000000000000000e+01,-1.807740000000000009e+02
4.522748017311096191e+01,-6.434999999999999432e+01,-3.479999999999999716e+01,-1.817419999999999902e+02
4.529338002204895020e+01,-6.465000000000000568e+01,-3.495000000000000284e+01,-1.819840000000000089e+02
4.535914492607116699e+01,-6.419899999999999807e+01,-3.614999999999999858e+01,-1.812580000000000098e+02
4.542534089088439941e+01,-6.509999999999999432e+01,-3.539999999999999858e+01,-1.810159999999999911e+02
4.549564003944396973e+01,-6.419899999999999807e+01,-3.600000000000000000e+01,-1.812580000000000098e+02
4.556148719787597656e+01,-6.434999999999999432e+01,-3.525000000000000000e+01,-1.812580000000000098e+02
4.562733697891235352e+01,-6.450000000000000000e+01,-3.584899999999999665e+01,-1.802899999999999920e+02
4.569326686859130859e+01,-6.375000000000000000e+01,-3.509899999999999665e+01,-1.812580000000000098e+02
4.575912308692932129e+01,-6.494899999999999807e+01,-3.495000000000000284e+01,-1.819840000000000089e+02
4.582985019683837891e+01,-6.494899999999999807e+01,-3.509899999999999665e+01,-1.819840000000000089e+02
4.589575982093811035e+01,-6.434999999999999432e+01,-3.539999999999999858e+01,-1.807740000000000009e+02
4.596154713630676270e+01,-6.434999999999999432e+01,-3.509899999999999665e+01,-1.798050000000000068e+02
4.602755784988403320e+01,-6.509999999999999432e+01,-3.525000000000000000e+01,-1.812580000000000098e+02
4.609336400032043457e+01,-6.479999999999999716e+01,-3.525000000000000000e+01,-1.815000000000000000e+02
4.616392707824707031e+01,-6.404999999999999716e+01,-3.600000000000000000e+01,-1.812580000000000098e+02
4.623008894920349121e+01,-6.494899999999999807e+01,-3.570000000000000284e+01,-1.812580000000000098e+02
4.629603004455566406e+01,-6.540000000000000568e+01,-3.584899999999999665e+01,-1.822259999999999991e+02
4.636198925971984863e+01,-6.525000000000000000e+01,-3.614999999999999858e+01,-1.817419999999999902e+02
4.643237996101379395e+01,-6.494899999999999807e+01,-3.525000000000000000e+01,-1.827090000000000032e+02
4.649834489822387695e+01,-6.554999999999999716e+01,-3.570000000000000284e+01,-1.810159999999999911e+02
4.656404399871826172e+01,-6.494899999999999807e+01,-3.600000000000000000e+01,-1.810159999999999911e+02
4.663002920150756836e+01,-6.479999999999999716e+01,-3.600000000000000000e+01,-1.817419999999999902e+02
4.669588398933410645e+01,-6.554999999999999716e+01,-3.675000000000000000e+01,-1.817419999999999902e+02
4.676655316352844238e+01,-6.479999999999999716e+01,-3.629999999999999716e+01,-1.795629999999999882e+02
4.683249521255493164e+01,-6.434999999999999432e+01,-3.675000000000000000e+01,-1.815000000000000000e+02
4.689839482307434082e+01,-6.509999999999999432e+01,-3.584899999999999665e+01,-1.815000000000000000e+02
4.696429395675659180e+01,-6.465000000000000568e+01,-3.659899999999999665e+01,-1.810159999999999911e+02
4.703005790710449219e+01,-6.434999999999999432e+01,-3.525000000000000000e+01,-1.812580000000000098e+02
4.710080599784851074e+01,-6.554999999999999716e+01,-3.645000000000000284e+01,-1.805310000000000059e+02
4.716673803329467773e+01,-6.554999999999999716e+01,-3.614999999999999858e+01,-1.812580000000000098e+02
4.723259592056274414e+01,-6.465000000000000568e+01,-3.539999999999999858e+01,-1.815000000000000000e+02
4.729853796958923340e+01,-6.479999999999999716e+01,-3.600000000000000000e+01,-1.815000000000000000e+02
4.736890697479248047e+01,-6.509999999999999432e+01,-3.689999999999999858e+01,-1.827090000000000032e+02
4.743481397628784180e+01,-6.509999999999999432e+01,-3.704999999999999716e+01,-1.812580000000000098e+02
4.750060224533081055e+01,-6.569899999999999807e+01,-3.614999999999999858e+01,-1.817419999999999902e+02
4.756658101081848145e+01,-6.540000000000000568e+01,-3.614999999999999858e+01,-1.824679999999999893e+02
4.763241195678710938e+01,-6.479999999999999716e+01,-3.645000000000000284e+01,-1.819840000000000089e+02
4.770306301116943359e+01,-6.465000000000000568e+01,-3.614999999999999858e+01,-1.824679999999999893e+02
4.776899886131286621e+01,-6.540000000000000568e+01,-3.629999999999999716e+01,-1.817419999999999902e+02
4.783492612838745117e+01,-6.525000000000000000e+01,-3.675000000000000000e+01,-1.802899999999999920e+02
4.790087604522705078e+01,-6.540000000000000568e+01,-3.614999999999999858e+01,-1.822259999999999991e+02
4.796665096282958984e+01,-6.525000000000000000e+01,-3.704999999999999716e+01,-1.812580000000000098e+02
4.803739118576049805e+01,-6.540000000000000568e+01,-3.675000000000000000e+01,-1.824679999999999893e+02
4.810330200195312500e+01,-6.584999999999999432e+01,-3.629999999999999716e+01,-1.817419999999999902e+02
4.816934609413146973e+01,-6.525000000000000000e+01,-3.659899999999999665e+01,-1.802899999999999920e+02
4.823527002334594727e+01,-6.525000000000000000e+01,-3.689999999999999858e+01,-1.817419999999999902e+02
4.830566716194152832e+01,-6.569899999999999807e+01,-3.614999999999999858e+01,-1.810159999999999911e+02
4.837157821655273438e+01,-6.584999999999999432e+01,-3.659899999999999665e+01,-1.819840000000000089e+02
4.843741607666015625e+01,-6.615000000000000568e+01,-3.704999999999999716e+01,-1.817419999999999902e+02
4.850329399108886719e+01,-6.554999999999999716e+01,-3.689999999999999858e+01,-1.817419999999999902e+02
4.856911802291870117e+01,-6.554999999999999716e+01,-3.675000000000000000e+01,-1.802899999999999920e+02
4.863979387283325195e+01,-6.554999999999999716e+01,-3.764999999999999858e+01,-1.827090000000000032e+02
4.870557117462158203e+01,-6.540000000000000568e+01,-3.659899999999999665e+01,-1.815000000000000000e+02
4.877152800559997559e+01,-6.554999999999999716e+01,-3.584899999999999665e+01,-1.827090000000000032e+02
4.883738183975219727e+01,-6.494899999999999807e+01,-3.750000000000000000e+01,-1.819840000000000089e+02
4.890330004692077637e+01,-6.554999999999999716e+01,-3.720000000000000284e+01,-1.815000000000000000e+02
4.897400808334350586e+01,-6.509999999999999432e+01,-3.720000000000000284e+01,-1.815000000000000000e+02
4.903984808921813965e+01,-6.540000000000000568e+01,-3.659899999999999665e+01,-1.812580000000000098e+02
4.910576701164245605e+01,-6.525000000000000000e+01,-3.675000000000000000e+01,-1.829509999999999934e+02
4.917174887657165527e+01,-6.540000000000000568e+01,-3.645000000000000284e+01,-1.834360000000000070e+02
4.924215817451477051e+01,-6.600000000000000000e+01,-3.720000000000000284e+01,-1.824679999999999893e+02
4.930801010131835938e+01,-6.629999999999999716e+01,-3.750000000000000000e+01,-1.815000000000000000e+02
4.937384390830993652e+01,-6.554999999999999716e+01,-3.779999999999999716e+01,-1.822259999999999991e+02
4.943982481956481934e+01,-6.629999999999999716e+01,-3.764999999999999858e+01,-1.819840000000000089e+02
4.950562310218811035e+01,-6.600000000000000000e+01,-3.720000000000000284e+01,-1.817419999999999902e+02
4.957634782791137695e+01,-6.584999999999999432e+01,-3.659899999999999665e+01,-1.831939999999999884e+02
4.964224696159362793e+01,-6.540000000000000568e+01,-3.750000000000000000e+01,-1.827090000000000032e+02
4.970823597908020020e+01,-6.540000000000000568e+01,-3.734899999999999665e+01,-1.810159999999999911e+02
4.977409505844116211e+01,-6.569899999999999807e+01,-3.704999999999999716e+01,-1.815000000000000000e+02
4.983990406990051270e+01,-6.629999999999999716e+01,-3.750000000000000000e+01,-1.817419999999999902e+02
4.991050386428833008e+01,-6.629999999999999716e+01,-3.795000000000000284e+01,-1.817419999999999902e+02
4.997652006149291992e+01,-6.525000000000000000e+01,-3.720000000000000284e+01,-1.817419999999999902e+02
5.004246616363525391e+01,-6.600000000000000000e+01,-3.734899999999999665e+01,-1.817419999999999902e+02
5.010830402374267578e+01,-6.569899999999999807e+01,-3.839999999999999858e+01,-1.822259999999999991e+02
5.017872691154479980e+01,-6.644899999999999807e+01,-3.779999999999999716e+01,-1.827090000000000032e+02
5.024451398849487305e+01,-6.615000000000000568e+01,-3.764999999999999858e+01,-1.815000000000000000e+02
5.031042003631591797e+01,-6.659999999999999432e+01,-3.839999999999999858e+01,-1.817419999999999902e+02
5.037636399269104004e+01,-6.584999999999999432e+01,-3.825000000000000000e+01,-1.827090000000000032e+02
5.044235897064208984e+01,-6.675000000000000000e+01,-3.795000000000000284e+01,-1.824679999999999893e+02
5.051292300224304199e+01,-6.704999999999999716e+01,-3.764999999999999858e+01,-1.819840000000000089e+02
5.057879996299743652e+01,-6.659999999999999432e+01,-3.870000000000000284e+01,-1.822259999999999991e+02
5.064472293853759766e+01,-6.569899999999999807e+01,-3.854999999999999716e+01,-1.815000000000000000e+02
5.071064901351928711e+01,-6.734999999999999432e+01,-3.825000000000000000e+01,-1.815000000000000000e+02
5.077651619911193848e+01,-6.644899999999999807e+01,-3.795000000000000284e+01,-1.819840000000000089e+02
5.084719014167785645e+01,-6.675000000000000000e+01,-3.839999999999999858e+01,-1.822259999999999991e+02
5.091322112083435059e+01,-6.644899999999999807e+01,-3.825000000000000000e+01,-1.829509999999999934e+02
5.097907090187072754e+01,-6.644899999999999807e+01,-3.884899999999999665e+01,-1.810159999999999911e+02
5.104511404037475586e+01,-6.734999999999999432e+01,-3.884899999999999665e+01,-1.817419999999999902e+02
5.111543512344360352e+01,-6.690000000000000568e+01,-3.884899999999999665e+01,-1.824679999999999893e+02
5.118126797676086426e+01,-6.719899999999999807e+01,-3.854999999999999716e+01,-1.827090000000000032e+02
5.124733591079711914e+01,-6.644899999999999807e+01,-3.839999999999999858e+01,-1.822259999999999991e+02
5.131330990791320801e+01,-6.719899999999999807e+01,-3.914999999999999858e+01,-1.824679999999999893e+02
5.137901806831359863e+01,-6.719899999999999807e+01,-3.884899999999999665e+01,-1.822259999999999991e+02
5.144971299171447754e+01,-6.644899999999999807e+01,-3.839999999999999858e+01,-1.834360000000000070e+02
5.151564383506774902e+01,-6.765000000000000568e+01,-3.900000000000000000e+01,-1.827090000000000032e+02
5.158151507377624512e+01,-6.704999999999999716e+01,-3.854999999999999716e+01,-1.817419999999999902e+02
5.164745593070983887e+01,-6.659999999999999432e+01,-3.945000000000000284e+01,-1.815000000000000000e+02
5.171330904960632324e+01,-6.690000000000000568e+01,-3.945000000000000284e+01,-1.827090000000000032e+02
5.178396224975585938e+01,-6.704999999999999716e+01,-3.914999999999999858e+01,-1.822259999999999991e+02
5.185001802444458008e+01,-6.704999999999999716e+01,-3.914999999999999858e+01,-1.815000000000000000e+02
5.191602802276611328e+01,-6.719899999999999807e+01,-3.825000000000000000e+01,-1.824679999999999893e+02
5.198180508613586426e+01,-6.704999999999999716e+01,-3.945000000000000284e+01,-1.819840000000000089e+02
5.205217885971069336e+01,-6.765000000000000568e+01,-3.914999999999999858e+01,-1.829509999999999934e+02
5.211805009841918945e+01,-6.734999999999999432e+01,-3.870000000000000284e+01,-1.815000000000000000e+02
5.218393611907958984e+01,-6.675000000000000000e+01,-3.959899999999999665e+01,-1.822259999999999991e+02
5.224989700317382812e+01,-6.675000000000000000e+01,-3.929999999999999716e+01,-1.822259999999999991e+02
5.231571316719055176e+01,-6.690000000000000568e+01,-3.975000000000000000e+01,-1.827090000000000032e+02
5.238641309738159180e+01,-6.734999999999999432e+01,-3.959899999999999665e+01,-1.817419999999999902e+02
5.245235300064086914e+01,-6.675000000000000000e+01,-3.975000000000000000e+01,-1.822259999999999991e+02
5.251829099655151367e+01,-6.779999999999999716e+01,-3.929999999999999716e+01,-1.822259999999999991e+02
5.258436417579650879e+01,-6.719899999999999807e+01,-4.004999999999999716e+01,-1.829509999999999934e+02
5.265007686614990234e+01,-6.779999999999999716e+01,-3.900000000000000000e+01,-1.805310000000000059e+02
5.272084617614746094e+01,-6.779999999999999716e+01,-4.064999999999999858e+01,-1.824679999999999893e+02
5.278683400154113770e+01,-6.719899999999999807e+01,-4.020000000000000284e+01,-1.812580000000000098e+02
5.285266685485839844e+01,-6.734999999999999432e+01,-4.034899999999999665e+01,-1.815000000000000000e+02
5.291830515861511230e+01,-6.825000000000000000e+01,-4.020000000000000284e+01,-1.819840000000000089e+02
5.298887705802917480e+01,-6.779999999999999716e+01,-4.020000000000000284e+01,-1.819840000000000089e+02
5.305486202239990234e+01,-6.794899999999999807e+01,-4.004999999999999716e+01,-1.815000000000000000e+02
5.312063312530517578e+01,-6.809999999999999432e+01,-4.034899999999999665e+01,-1.812580000000000098e+02
5.318662905693054199e+01,-6.734999999999999432e+01,-4.095000000000000284e+01,-1.815000000000000000e+02
5.325244593620300293e+01,-6.794899999999999807e+01,-4.050000000000000000e+01,-1.819840000000000089e+02
5.332317495346069336e+01,-6.734999999999999432e+01,-4.034899999999999665e+01,-1.819840000000000089e+02
5.338910222053527832e+01,-6.750000000000000000e+01,-4.050000000000000000e+01,-1.822259999999999991e+02
5.345505905151367188e+01,-6.765000000000000568e+01,-4.050000000000000000e+01,-1.822259999999999991e+02
5.352099418640136719e+01,-6.869899999999999807e+01,-4.079999999999999716e+01,-1.812580000000000098e+02
5.358680295944213867e+01,-6.840000000000000568e+01,-4.064999999999999858e+01,-1.822259999999999991e+02
5.365750718116760254e+01,-6.825000000000000000e+01,-4.064999999999999858e+01,-1.815000000000000000e+02
5.372344398498535156e+01,-6.869899999999999807e+01,-4.034899999999999665e+01,-1.810159999999999911e+02
5.378929996490478516e+01,-6.794899999999999807e+01,-4.125000000000000000e+01,-1.817419999999999902e+02
5.385531020164489746e+01,-6.794899999999999807e+01,-4.050000000000000000e+01,-1.817419999999999902e+02
5.392574214935302734e+01,-6.765000000000000568e+01,-4.079999999999999716e+01,-1.805310000000000059e+02
5.399158596992492676e+01,-6.794899999999999807e+01,-4.109899999999999665e+01,-1.802899999999999920e+02
5.405745100975036621e+01,-6.794899999999999807e+01,-4.020000000000000284e+01,-1.815000000000000000e+02
5.412339782714843750e+01,-6.825000000000000000e+01,-4.125000000000000000e+01,-1.807740000000000009e+02
5.418935298919677734e+01,-6.779999999999999716e+01,-4.154999999999999716e+01,-1.817419999999999902e+02
5.425991702079772949e+01,-6.854999999999999716e+01,-4.109899999999999665e+01,-1.812580000000000098e+02
5.432587814331054688e+01,-6.884999999999999432e+01,-4.109899999999999665e+01,-1.812580000000000098e+02
5.439179301261901855e+01,-6.869899999999999807e+01,-4.214999999999999858e+01,-1.819840000000000089e+02
5.445773601531982422e+01,-6.915000000000000568e+01,-4.034899999999999665e+01,-1.819840000000000089e+02
5.452355790138244629e+01,-6.825000000000000000e+01,-4.154999999999999716e+01,-1.819840000000000089e+02
5.459425401687622070e+01,-6.884999999999999432e+01,-4.154999999999999716e+01,-1.815000000000000000e+02
5.466035199165344238e+01,-6.794899999999999807e+01,-4.200000000000000000e+01,-1.812580000000000098e+02
5.472638392448425293e+01,-6.884999999999999432e+01,-4.170000000000000284e+01,-1.807740000000000009e+02
5.479206514358520508e+01,-6.794899999999999807e+01,-4.170000000000000284e+01,-1.817419999999999902e+02
5.486256003379821777e+01,-6.884999999999999432e+01,-4.184899999999999665e+01,-1.810159999999999911e+02
5.492832994461059570e+01,-6.854999999999999716e+01,-4.245000000000000284e+01,-1.807740000000000009e+02
5.499438691139221191e+01,-6.840000000000000568e+01,-4.154999999999999716e+01,-1.812580000000000098e+02
5.506033110618591309e+01,-6.854999999999999716e+01,-4.170000000000000284e+01,-1.807740000000000009e+02
5.512618088722229004e+01,-6.944899999999999807e+01,-4.139999999999999858e+01,-1.819840000000000089e+02
5.519677710533142090e+01,-6.900000000000000000e+01,-4.154999999999999716e+01,-1.805310000000000059e+02
5.526272201538085938e+01,-6.794899999999999807e+01,-4.139999999999999858e+01,-1.810159999999999911e+02
5.532848000526428223e+01,-6.884999999999999432e+01,-4.229999999999999716e+01,-1.807740000000000009e+02
5.539446711540222168e+01,-6.900000000000000000e+01,-4.170000000000000284e+01,-1.812580000000000098e+02
5.546025705337524414e+01,-6.869899999999999807e+01,-4.245000000000000284e+01,-1.812580000000000098e+02
5.553094196319580078e+01,-6.884999999999999432e+01,-4.245000000000000284e+01,-1.802899999999999920e+02
5.559692001342773438e+01,-6.944899999999999807e+01,-4.245000000000000284e+01,-1.802899999999999920e+02
5.566276192665100098e+01,-6.825000000000000000e+01,-4.170000000000000284e+01,-1.810159999999999911e+02
5.572871708869934082e+01,-6.915000000000000568e+01,-4.304999999999999716e+01,-1.807740000000000009e+02
5.579911088943481445e+01,-6.884999999999999432e+01,-4.259899999999999665e+01,-1.805310000000000059e+02
5.586496114730834961e+01,-6.929999999999999716e+01,-4.245000000000000284e+01,-1.817419999999999902e+02
5.593081402778625488e+01,-6.929999999999999716e+01,-4.245000000000000284e+01,-1.805310000000000059e+02
5.599679589271545410e+01,-6.900000000000000000e+01,-4.245000000000000284e+01,-1.812580000000000098e+02
5.606261515617370605e+01,-6.869899999999999807e+01,-4.245000000000000284e+01,-1.800480000000000018e+02
5.613339591026306152e+01,-7.034999999999999432e+01,-4.125000000000000000e+01,-1.802899999999999920e+02
5.619917798042297363e+01,-6.944899999999999807e+01,-4.214999999999999858e+01,-1.800480000000000018e+02
5.626496410369873047e+01,-6.869899999999999807e+01,-4.304999999999999716e+01,-1.802899999999999920e+02
5.633090209960937500e+01,-6.915000000000000568e+01,-4.245000000000000284e+01,-1.795629999999999882e+02
5.639666604995727539e+01,-6.840000000000000568e+01,-4.364999999999999858e+01,-1.795629999999999882e+02
5.646738886833190918e+01,-6.929999999999999716e+01,-4.334899999999999665e+01,-1.798050000000000068e+02
5.653306603431701660e+01,-7.004999999999999716e+01,-4.275000000000000000e+01,-1.802899999999999920e+02
5.659927606582641602e+01,-6.975000000000000000e+01,-4.379999999999999716e+01,-1.805310000000000059e+02
5.666533207893371582e+01,-7.004999999999999716e+01,-4.320000000000000284e+01,-1.793220000000000027e+02
5.673559617996215820e+01,-6.975000000000000000e+01,-4.259899999999999665e+01,-1.795629999999999882e+02
5.680151820182800293e+01,-6.959999999999999432e+01,-4.304999999999999716e+01,-1.793220000000000027e+02
5.686736106872558594e+01,-6.975000000000000000e+01,-4.334899999999999665e+01,-1.798050000000000068e+02
5.693331885337829590e+01,-6.975000000000000000e+01,-4.304999999999999716e+01,-1.798050000000000068e+02
5.699913191795349121e+01,-7.019899999999999807e+01,-4.350000000000000000e+01,-1.790800000000000125e+02
5.706980991363525391e+01,-6.975000000000000000e+01,-4.334899999999999665e+01,-1.795629999999999882e+02
5.713572716712951660e+01,-6.929999999999999716e+01,-4.350000000000000000e+01,-1.790800000000000125e+02
5.720160317420959473e+01,-6.975000000000000000e+01,-4.364999999999999858e+01,-1.798050000000000068e+02
5.726758599281311035e+01,-6.990000000000000568e+01,-4.409899999999999665e+01,-1.793220000000000027e+02
5.733337497711181641e+01,-6.990000000000000568e+01,-4.289999999999999858e+01,-1.790800000000000125e+02
5.740408492088317871e+01,-6.959999999999999432e+01,-4.350000000000000000e+01,-1.781119999999999948e+02
5.747003388404846191e+01,-7.050000000000000000e+01,-4.304999999999999716e+01,-1.795629999999999882e+02
5.753583312034606934e+01,-7.034999999999999432e+01,-4.304999999999999716e+01,-1.788379999999999939e+02
5.760173392295837402e+01,-6.959999999999999432e+01,-4.395000000000000284e+01,-1.793220000000000027e+02
5.767234516143798828e+01,-7.019899999999999807e+01,-4.379999999999999716e+01,-1.798050000000000068e+02
5.773812794685363770e+01,-6.990000000000000568e+01,-4.304999999999999716e+01,-1.781119999999999948e+02
5.780396604537963867e+01,-7.079999999999999716e+01,-4.395000000000000284e+01,-1.781119999999999948e+02
5.786994004249572754e+01,-7.019899999999999807e+01,-4.395000000000000284e+01,-1.795629999999999882e+02
5.793575000762939453e+01,-7.050000000000000000e+01,-4.395000000000000284e+01,-1.771440000000000055e+02
5.800648403167724609e+01,-6.975000000000000000e+01,-4.395000000000000284e+01,-1.785960000000000036e+02
5.807242703437805176e+01,-7.004999999999999716e+01,-4.395000000000000284e+01,-1.785960000000000036e+02
5.813826417922973633e+01,-7.019899999999999807e+01,-4.425000000000000000e+01,-1.778700000000000045e+02
5.820438194274902344e+01,-7.109999999999999432e+01,-4.364999999999999858e+01,-1.781119999999999948e+02
5.827008414268493652e+01,-7.034999999999999432e+01,-4.379999999999999716e+01,-1.769019999999999868e+02
5.834080600738525391e+01,-6.990000000000000568e+01,-4.425000000000000000e+01,-1.778700000000000045e+02
5.840677714347839355e+01,-7.050000000000000000e+01,-4.364999999999999858e+01,-1.778700000000000045e+02
5.847277688980102539e+01,-7.019899999999999807e+01,-4.395000000000000284e+01,-1.773849999999999909e+02
5.853857302665710449e+01,-7.050000000000000000e+01,-4.454999999999999716e+01,-1.766589999999999918e+02
5.860901618003845215e+01,-7.034999999999999432e+01,-4.304999999999999716e+01,-1.771440000000000055e+02
5.867488098144531250e+01,-7.079999999999999716e+01,-4.395000000000000284e+01,-1.773849999999999909e+02
5.874075603485107422e+01,-7.019899999999999807e+01,-4.409899999999999665e+01,-1.778700000000000045e+02
5.880669903755187988e+01,-7.094899999999999807e+01,-4.379999999999999716e+01,-1.769019999999999868e+02
5.887251400947570801e+01,-7.065000000000000568e+01,-4.500000000000000000e+01,-1.771440000000000055e+02
5.894332814216613770e+01,-7.079999999999999716e+01,-4.454999999999999716e+01,-1.769019999999999868e+02
5.900908899307250977e+01,-7.079999999999999716e+01,-4.439999999999999858e+01,-1.759329999999999927e+02
5.907509398460388184e+01,-7.019899999999999807e+01,-4.364999999999999858e+01,-1.761759999999999877e+02
5.914091014862060547e+01,-7.109999999999999432e+01,-4.395000000000000284e+01,-1.754499999999999886e+02
5.920682024955749512e+01,-6.990000000000000568e+01,-4.379999999999999716e+01,-1.771440000000000055e+02
5.927744698524475098e+01,-7.034999999999999432e+01,-4.439999999999999858e+01,-1.766589999999999918e+02
5.934333109855651855e+01,-7.019899999999999807e+01,-4.425000000000000000e+01,-1.771440000000000055e+02
5.940939807891845703e+01,-7.109999999999999432e+01,-4.409899999999999665e+01,-1.759329999999999927e+02
5.947531294822692871e+01,-7.079999999999999716e+01,-4.379999999999999716e+01,-1.759329999999999927e+02
5.954575490951538086e+01,-7.094899999999999807e+01,-4.364999999999999858e+01,-1.764170000000000016e+02
5.961155009269714355e+01,-7.079999999999999716e+01,-4.484899999999999665e+01,-1.764170000000000016e+02
5.967739200592041016e+01,-7.125000000000000000e+01,-4.334899999999999665e+01,-1.759329999999999927e+02
5.974336695671081543e+01,-7.140000000000000568e+01,-4.454999999999999716e+01,-1.749660000000000082e+02
5.980922293663024902e+01,-7.065000000000000568e+01,-4.379999999999999716e+01,-1.752079999999999984e+02
5.987995386123657227e+01,-7.065000000000000568e+01,-4.379999999999999716e+01,-1.752079999999999984e+02
5.994588899612426758e+01,-7.065000000000000568e+01,-4.439999999999999858e+01,-1.742390000000000043e+02
6.001164007186889648e+01,-7.109999999999999432e+01,-4.500000000000000000e+01,-1.752079999999999984e+02
