trial,hold_label,phase,control_mode,d_target_mm,d_actual_mm,mark10_pos_mm,t_rel_s,F_N,mean_Bx_uT,mean_By_uT,mean_Bz_uT,delta_Bx_uT,delta_By_uT,delta_Bz_uT,Bmag_uT
1,60,holding,disp_hold,2.1000,2.0800,-3.8700,0.0000,0.307700,-12.6200,-3434.1130,-2258.3430,-27.6440,33.3946,-696.4119,4110.1587
1,60,holding,disp_hold,2.1000,2.0800,-3.8700,0.0711,0.305900,-12.6200,-3434.1130,-2258.3430,-27.6440,33.3946,-696.4119,4110.1587
1,60,holding,disp_hold,2.1000,2.0800,-3.8700,0.1590,0.306700,-13.2210,-3435.3150,-2258.3430,-28.2450,32.1926,-696.4119,4111.1649
1,60,holding,disp_hold,2.1000,2.0800,-3.8700,0.2479,0.308100,-12.6200,-3435.3150,-2259.3120,-27.6440,32.1926,-697.3809,4111.6954
1,60,holding,disp_hold,2.1000,2.0800,-3.8700,0.3357,0.306500,-12.6200,-3435.3150,-2257.3760,-27.6440,32.1926,-695.4449,4110.6319
1,60,holding,disp_hold,2.1000,2.0800,-3.8700,0.4239,0.307300,-13.2210,-3434.7140,-2259.3120,-28.2450,32.7936,-697.3809,4111.1952
1,60,holding,disp_hold,2.1000,2.0800,-3.8700,0.5131,0.306800,-12.6200,-3434.1130,-2257.3760,-27.6440,33.3946,-695.4449,4109.6274
1,60,holding,disp_hold,2.1000,2.0800,-3.8700,0.6013,0.306000,-12.6200,-3434.7140,-2258.3430,-27.6440,32.7936,-696.4119,4110.6609
1,60,holding,disp_hold,2.1000,2.0800,-3.8700,0.6897,0.307300,-12.6200,-3434.7140,-2258.3430,-27.6440,32.7936,-696.4119,4110.6609
1,60,holding,disp_hold,2.1000,2.0800,-3.8700,0.7783,0.306200,-12.6200,-3434.1130,-2259.3120,-27.6440,33.3946,-697.3809,4110.6912
1,60,holding,disp_hold,2.1000,2.0800,-3.8700,0.8663,0.305100,-12.6200,-3435.3150,-2259.3120,-27.6440,32.1926,-697.3809,4111.6954
1,60,holding,disp_hold,2.1000,2.0800,-3.8700,0.9548,0.303800,-12.0190,-3435.3150,-2258.3430,-27.0430,32.1926,-696.4119,4111.1612
1,60,holding,disp_hold,2.1000,2.0800,-3.8700,1.0425,0.303800,-12.0190,-3434.1130,-2257.3760,-27.0430,33.3946,-695.4449,4109.6256
1,60,holding,disp_hold,2.1000,2.0800,-3.8700,1.1308,0.304700,-13.2210,-3434.7140,-2259.3120,-28.2450,32.7936,-697.3809,4111.1952
1,60,holding,disp_hold,2.1000,2.0800,-3.8700,1.2196,0.306000,-12.6200,-3434.7140,-2259.3120,-27.6440,32.7936,-697.3809,4111.1933
1,60,holding,disp_hold,2.1000,2.0800,-3.8700,1.3075,0.307300,-13.2210,-3434.7140,-2258.3430,-28.2450,32.7936,-696.4119,4110.6627
1,60,holding,disp_hold,2.1000,2.0800,-3.8700,1.3961,0.306200,-12.6200,-3434.7140,-2257.3760,-27.6440,32.7936,-695.4449,4110.1297
1,60,holding,disp_hold,2.1000,2.0800,-3.8700,1.4850,0.304100,-13.2210,-3433.5110,-2259.3120,-28.2450,33.9966,-697.3809,4110.1902
1,60,holding,disp_hold,2.1000,2.0800,-3.8700,1.5733,0.304100,-13.2210,-3433.5110,-2257.3760,-28.2450,33.9966,-695.4449,4109.1263
1,60,holding,disp_hold,2.1000,2.0800,-3.8700,1.6612,0.303700,-13.2210,-3434.1130,-2258.3430,-28.2450,33.3946,-696.4119,4110.1606
1,60,holding,disp_hold,2.1000,2.0800,-3.8700,1.7496,0.304600,-12.6200,-3433.5110,-2258.3430,-27.6440,33.9966,-696.4119,4109.6557
1,60,holding,disp_hold,2.1000,2.0800,-3.8700,1.8378,0.304700,-12.0190,-3434.1130,-2257.3760,-27.0430,33.3946,-695.4449,4109.6256
1,60,holding,disp_hold,2.1000,2.0800,-3.8700,1.9270,0.305400,-12.6200,-3432.9110,-2257.3760,-27.6440,34.5966,-695.4449,4108.6231
1,60,holding,disp_hold,2.1000,2.0800,-3.8700,2.0151,0.303000,-13.2210,-3433.5110,-2258.3430,-28.2450,33.9966,-696.4119,4109.6576
1,60,holding,disp_hold,2.1000,2.0800,-3.8700,2.1038,0.304100,-12.6200,-3434.1130,-2259.3120,-27.6440,33.3946,-697.3809,4110.6912
1,60,holding,disp_hold,2.1000,2.0800,-3.8700,2.1920,0.307300,-12.6200,-3434.1130,-2257.3760,-27.6440,33.3946,-695.4449,4109.6274
1,60,holding,disp_hold,2.1000,2.0800,-3.8700,2.2803,0.304900,-12.6200,-3434.1130,-2257.3760,-27.6440,33.3946,-695.4449,4109.6274
1,60,holding,disp_hold,2.1000,2.0800,-3.8700,2.3683,0.304000,-13.2210,-3434.1130,-2258.3430,-28.2450,33.3946,-696.4119,4110.1606
1,60,holding,disp_hold,2.1000,2.0800,-3.8700,2.4570,0.302700,-12.6200,-3434.7140,-2258.3430,-27.6440,32.7936,-696.4119,4110.6609
1,60,holding,disp_hold,2.1000,2.0800,-3.8700,2.5456,0.303900,-12.6200,-3433.5110,-2256.4080,-27.6440,33.9966,-694.4769,4108.5927
1,60,holding,disp_hold,2.1000,2.0800,-3.8700,2.6334,0.305500,-12.6200,-3434.1130,-2258.3430,-27.6440,33.3946,-696.4119,4110.1587
1,60,holding,disp_hold,2.1000,2.0800,-3.8700,2.7223,0.304700,-12.0190,-3434.1130,-2258.3430,-27.0430,33.3946,-696.4119,4110.1569
1,60,holding,disp_hold,2.1000,2.0800,-3.8700,2.8104,0.303100,-13.2210,-3434.7140,-2258.3430,-28.2450,32.7936,-696.4119,4110.6627
1,60,holding,disp_hold,2.1000,2.0800,-3.8700,2.8992,0.302000,-12.6200,-3433.5110,-2256.4080,-27.6440,33.9966,-694.4769,4108.5927
1,60,holding,disp_hold,2.1000,2.0800,-3.8700,2.9877,0.304000,-13.2210,-3432.9110,-2257.3760,-28.2450,34.5966,-695.4449,4108.6250
1,60,holding,disp_hold,2.1000,2.0800,-3.8700,3.0762,0.302800,-12.0190,-3432.9110,-2255.4400,-27.0430,34.5966,-693.5089,4107.5579
1,60,holding,disp_hold,2.1000,2.0800,-3.8700,3.1645,0.300300,-12.6200,-3432.3090,-2257.3760,-27.6440,35.1986,-695.4449,4108.1201
1,60,holding,disp_hold,2.1000,2.0800,-3.8700,3.2529,0.301500,-12.6200,-3433.5110,-2257.3760,-27.6440,33.9966,-695.4449,4109.1244
1,60,holding,disp_hold,2.1000,2.0800,-3.8700,3.3412,0.302000,-12.6200,-3432.9110,-2257.3760,-27.6440,34.5966,-695.4449,4108.6231
1,60,holding,disp_hold,2.1000,2.0800,-3.8700,3.4292,0.301400,-13.2210,-3433.5110,-2258.3430,-28.2450,33.9966,-696.4119,4109.6576
1,60,holding,disp_hold,2.1000,2.0800,-3.8700,3.5183,0.301900,-12.0190,-3432.9110,-2257.3760,-27.0430,34.5966,-695.4449,4108.6213
1,60,holding,disp_hold,2.1000,2.0800,-3.8700,3.6064,0.303700,-12.0190,-3433.5110,-2257.3760,-27.0430,33.9966,-695.4449,4109.1226
1,60,holding,disp_hold,2.1000,2.0800,-3.8700,3.6949,0.302200,-13.2210,-3433.5110,-2257.3760,-28.2450,33.9966,-695.4449,4109.1263
1,60,holding,disp_hold,2.1000,2.0800,-3.8700,3.7831,0.301300,-12.0190,-3432.9110,-2256.4080,-27.0430,34.5966,-694.4769,4108.0895
1,60,holding,disp_hold,2.1000,2.0800,-3.8700,3.8717,0.300000,-12.0190,-3431.7090,-2256.4080,-27.0430,35.7986,-694.4769,4107.0851
1,60,holding,disp_hold,2.1000,2.0800,-3.8700,3.9601,0.300500,-13.2210,-3432.9110,-2255.4400,-28.2450,34.5966,-693.5089,4107.5616
1,60,holding,disp_hold,2.1000,2.0800,-3.8700,4.0486,0.300400,-12.6200,-3432.9110,-2256.4080,-27.6440,34.5966,-694.4769,4108.0913
1,60,holding,disp_hold,2.1000,2.0800,-3.8700,4.1368,0.301700,-12.6200,-3433.5110,-2257.3760,-27.6440,33.9966,-695.4449,4109.1244
1,60,holding,disp_hold,2.1000,2.0800,-3.8700,4.2252,0.302400,-12.6200,-3432.9110,-2257.3760,-27.6440,34.5966,-695.4449,4108.6231
1,60,holding,disp_hold,2.1000,2.0800,-3.8700,4.3138,0.301500,-12.6200,-3433.5110,-2257.3760,-27.6440,33.9966,-695.4449,4109.1244
1,60,holding,disp_hold,2.1000,2.0800,-3.8700,4.4021,0.300400,-12.6200,-3433.5110,-2256.4080,-27.6440,33.9966,-694.4769,4108.5927
1,60,holding,disp_hold,2.1000,2.0800,-3.8700,4.4906,0.299500,-12.0190,-3432.3090,-2257.3760,-27.0430,35.1986,-695.4449,4108.1183
1,60,holding,disp_hold,2.1000,2.0800,-3.8700,4.5790,0.299900,-12.6200,-3432.3090,-2256.4080,-27.6440,35.1986,-694.4769,4107.5883
1,60,holding,disp_hold,2.1000,2.0800,-3.8700,4.6671,0.300200,-12.0190,-3433.5110,-2257.3760,-27.0430,33.9966,-695.4449,4109.1226
1,60,holding,disp_hold,2.1000,2.0800,-3.8700,4.7557,0.301400,-12.6200,-3432.9110,-2258.3430,-27.6440,34.5966,-696.4119,4109.1545
1,60,holding,disp_hold,2.1000,2.0800,-3.8700,4.8441,0.300900,-12.6200,-3432.9110,-2257.3760,-27.6440,34.5966,-695.4449,4108.6231
1,60,holding,disp_hold,2.1000,2.0800,-3.8700,4.9323,0.301200,-12.6200,-3432.9110,-2255.4400,-27.6440,34.5966,-693.5089,4107.5597
1,60,holding,disp_hold,2.1000,2.0800,-3.8700,5.0209,0.300100,-13.2210,-3433.5110,-2256.4080,-28.2450,33.9966,-694.4769,4108.5946
1,60,holding,disp_hold,2.1000,2.0800,-3.8700,5.1093,0.301400,-11.4180,-3431.7090,-2257.3760,-26.4420,35.7986,-695.4449,4107.6153
1,60,holding,disp_hold,2.1000,2.0800,-3.8700,5.1975,0.300700,-12.6200,-3432.9110,-2256.4080,-27.6440,34.5966,-694.4769,4108.0913
1,60,holding,disp_hold,2.1000,2.0800,-3.8700,5.2860,0.299800,-12.0190,-3432.9110,-2256.4080,-27.0430,34.5966,-694.4769,4108.0895
1,60,holding,disp_hold,2.1000,2.0800,-3.8700,5.3787,0.300100,-12.6200,-3431.7090,-2256.4080,-27.6440,35.7986,-694.4769,4107.0869
1,60,holding,disp_hold,2.1000,2.0800,-3.8700,5.4619,0.300000,-13.2210,-3433.5110,-2257.3760,-28.2450,33.9966,-695.4449,4109.1263
1,60,holding,disp_hold,2.1000,2.0800,-3.8700,5.5511,0.300500,-12.6200,-3432.3090,-2255.4400,-27.6440,35.1986,-693.5089,4107.0566
1,60,holding,disp_hold,2.1000,2.0800,-3.8700,5.6392,0.300200,-12.6200,-3433.5110,-2256.4080,-27.6440,33.9966,-694.4769,4108.5927
1,60,holding,disp_hold,2.1000,2.0800,-3.8700,5.7279,0.300800,-12.6200,-3432.3090,-2257.3760,-27.6440,35.1986,-695.4449,4108.1201
1,60,holding,disp_hold,2.1000,2.0800,-3.8700,5.8158,0.298300,-13.2210,-3432.9110,-2256.4080,-28.2450,34.5966,-694.4769,4108.0932
1,60,holding,disp_hold,2.1000,2.0800,-3.8700,5.9046,0.298600,-12.6200,-3432.9110,-2258.3430,-27.6440,34.5966,-696.4119,4109.1545
1,60,holding,disp_hold,2.1000,2.0800,-3.8700,5.9930,0.300300,-12.0190,-3432.3090,-2256.4080,-27.0430,35.1986,-694.4769,4107.5865
1,60,holding,disp_hold,2.1000,2.0800,-3.8700,6.0810,0.300900,-12.6200,-3431.7090,-2255.4400,-27.6440,35.7986,-693.5089,4106.5552
1,60,holding,disp_hold,2.1000,2.0800,-3.8700,6.1697,0.301700,-12.0190,-3432.9110,-2257.3760,-27.0430,34.5966,-695.4449,4108.6213
1,60,holding,disp_hold,2.1000,2.0800,-3.8700,6.2581,0.299400,-12.6200,-3432.3090,-2255.4400,-27.6440,35.1986,-693.5089,4107.0566
1,60,holding,disp_hold,2.1000,2.0800,-3.8700,6.3466,0.299300,-12.0190,-3432.9110,-2256.4080,-27.0430,34.5966,-694.4769,4108.0895
1,60,holding,disp_hold,2.1000,2.0800,-3.8700,6.4346,0.299400,-13.8220,-3432.9110,-2255.4400,-28.8460,34.5966,-693.5089,4107.5636
1,60,holding,disp_hold,2.1000,2.0800,-3.8700,6.5229,0.298600,-13.2210,-3432.3090,-2256.4080,-28.2450,35.1986,-694.4769,4107.5902
1,60,holding,disp_hold,2.1000,2.0800,-3.8700,6.6113,0.297000,-12.0190,-3432.3090,-2256.4080,-27.0430,35.1986,-694.4769,4107.5865
1,60,holding,disp_hold,2.1000,2.0800,-3.8700,6.7001,0.296200,-11.4180,-3431.7090,-2256.4080,-26.4420,35.7986,-694.4769,4107.0834
1,60,holding,disp_hold,2.1000,2.0800,-3.8700,6.7882,0.297700,-12.6200,-3433.5110,-2256.4080,-27.6440,33.9966,-694.4769,4108.5927
1,60,holding,disp_hold,2.1000,2.0800,-3.8700,6.8769,0.298400,-12.0190,-3432.9110,-2256.4080,-27.0430,34.5966,-694.4769,4108.0895
1,60,holding,disp_hold,2.1000,2.0800,-3.8700,6.9650,0.298300,-13.2210,-3432.3090,-2257.3760,-28.2450,35.1986,-695.4449,4108.1220
1,60,holding,disp_hold,2.1000,2.0800,-3.8700,7.0538,0.298000,-12.0190,-3432.3090,-2256.4080,-27.0430,35.1986,-694.4769,4107.5865
1,60,holding,disp_hold,2.1000,2.0800,-3.8700,7.1411,0.298900,-12.6200,-3432.9110,-2256.4080,-27.6440,34.5966,-694.4769,4108.0913
1,60,holding,disp_hold,2.1000,2.0800,-3.8700,7.2302,0.300500,-12.6200,-3432.3090,-2255.4400,-27.6440,35.1986,-693.5089,4107.0566
1,60,holding,disp_hold,2.1000,2.0800,-3.8700,7.3187,0.299300,-12.6200,-3432.9110,-2257.3760,-27.6440,34.5966,-695.4449,4108.6231
1,60,holding,disp_hold,2.1000,2.0800,-3.8700,7.4072,0.297700,-12.6200,-3432.9110,-2255.4400,-27.6440,34.5966,-693.5089,4107.5597
1,60,holding,disp_hold,2.1000,2.0800,-3.8700,7.4954,0.297200,-13.2210,-3432.3090,-2255.4400,-28.2450,35.1986,-693.5089,4107.0585
1,60,holding,disp_hold,2.1000,2.0800,-3.8700,7.5840,0.299500,-12.6200,-3432.9110,-2256.4080,-27.6440,34.5966,-694.4769,4108.0913
1,60,holding,disp_hold,2.1000,2.0800,-3.8700,7.6722,0.302100,-12.0190,-3432.9110,-2257.3760,-27.0430,34.5966,-695.4449,4108.6213
1,60,holding,disp_hold,2.1000,2.0800,-3.8700,7.7604,0.300500,-13.2210,-3432.9110,-2256.4080,-28.2450,34.5966,-694.4769,4108.0932
1,60,holding,disp_hold,2.1000,2.0800,-3.8700,7.8490,0.301600,-12.0190,-3432.3090,-2256.4080,-27.0430,35.1986,-694.4769,4107.5865
1,60,holding,disp_hold,2.1000,2.0800,-3.8700,7.9373,0.301500,-12.6200,-3432.3090,-2256.4080,-27.6440,35.1986,-694.4769,4107.5883
1,60,holding,disp_hold,2.1000,2.0800,-3.8700,8.0253,0.298700,-12.6200,-3431.7090,-2257.3760,-27.6440,35.7986,-695.4449,4107.6188
1,60,holding,disp_hold,2.1000,2.0800,-3.8700,8.1141,0.298100,-12.0190,-3432.3090,-2257.3760,-27.0430,35.1986,-695.4449,4108.1183
1,60,holding,disp_hold,2.1000,2.0800,-3.8700,8.2025,0.297600,-12.6200,-3432.9110,-2255.4400,-27.6440,34.5966,-693.5089,4107.5597
1,60,holding,disp_hold,2.1000,2.0800,-3.8700,8.2905,0.297500,-12.0190,-3432.9110,-2256.4080,-27.0430,34.5966,-694.4769,4108.0895
1,60,holding,disp_hold,2.1000,2.0800,-3.8700,8.3791,0.299100,-12.6200,-3432.3090,-2257.3760,-27.6440,35.1986,-695.4449,4108.1201
1,60,holding,disp_hold,2.1000,2.0800,-3.8700,8.4678,0.298300,-12.6200,-3431.7090,-2256.4080,-27.6440,35.7986,-694.4769,4107.0869
1,60,holding,disp_hold,2.1000,2.0800,-3.8700,8.5555,0.297700,-12.6200,-3432.9110,-2256.4080,-27.6440,34.5966,-694.4769,4108.0913
1,60,holding,disp_hold,2.1000,2.0800,-3.8700,8.6437,0.297100,-12.6200,-3433.5110,-2256.4080,-27.6440,33.9966,-694.4769,4108.5927
1,60,holding,disp_hold,2.1000,2.0800,-3.8700,8.7330,0.299400,-12.6200,-3431.1080,-2256.4080,-27.6440,36.3996,-694.4769,4106.5848
1,60,holding,disp_hold,2.1000,2.0800,-3.8700,8.8211,0.300600,-12.0190,-3432.3090,-2257.3760,-27.0430,35.1986,-695.4449,4108.1183
1,60,holding,disp_hold,2.1000,2.0800,-3.8700,8.9097,0.297200,-12.0190,-3432.3090,-2256.4080,-27.0430,35.1986,-694.4769,4107.5865
1,60,holding,disp_hold,2.1000,2.0800,-3.8700,8.9980,0.298400,-12.0190,-3432.9110,-2255.4400,-27.0430,34.5966,-693.5089,4107.5579
1,60,holding,disp_hold,2.1000,2.0800,-3.8700,9.0863,0.298000,-12.6200,-3432.9110,-2256.4080,-27.6440,34.5966,-694.4769,4108.0913
1,60,holding,disp_hold,2.1000,2.0800,-3.8700,9.1748,0.298400,-12.6200,-3432.9110,-2256.4080,-27.6440,34.5966,-694.4769,4108.0913
1,60,holding,disp_hold,2.1000,2.0800,-3.8700,9.2632,0.300900,-12.6200,-3432.3090,-2257.3760,-27.6440,35.1986,-695.4449,4108.1201
1,60,holding,disp_hold,2.1000,2.0800,-3.8700,9.3510,0.299100,-12.6200,-3432.9110,-2255.4400,-27.6440,34.5966,-693.5089,4107.5597
1,60,holding,disp_hold,2.1000,2.0800,-3.8700,9.4394,0.296100,-12.6200,-3432.9110,-2257.3760,-27.6440,34.5966,-695.4449,4108.6231
1,60,holding,disp_hold,2.1000,2.0800,-3.8700,9.5276,0.296500,-12.6200,-3432.3090,-2255.4400,-27.6440,35.1986,-693.5089,4107.0566
1,60,holding,disp_hold,2.1000,2.0800,-3.8700,9.6167,0.298900,-12.6200,-3432.3090,-2256.4080,-27.6440,35.1986,-694.4769,4107.5883
1,60,holding,disp_hold,2.1000,2.0800,-3.8700,9.7051,0.298600,-12.6200,-3432.3090,-2255.4400,-27.6440,35.1986,-693.5089,4107.0566
1,60,holding,disp_hold,2.1000,2.0800,-3.8700,9.7933,0.299700,-12.6200,-3431.7090,-2255.4400,-27.6440,35.7986,-693.5089,4106.5552
1,60,holding,disp_hold,2.1000,2.0800,-3.8700,9.8818,0.297800,-13.2210,-3432.9110,-2255.4400,-28.2450,34.5966,-693.5089,4107.5616
1,60,holding,disp_hold,2.1000,2.0800,-3.8700,9.9695,0.299300,-12.6200,-3432.3090,-2256.4080,-27.6440,35.1986,-694.4769,4107.5883
1,60,holding,disp_hold,2.1000,2.0800,-3.8700,10.0584,0.297800,-12.6200,-3432.9110,-2255.4400,-27.6440,34.5966,-693.5089,4107.5597
1,60,holding,disp_hold,2.1000,2.0800,-3.8700,10.1474,0.297600,-12.6200,-3432.3090,-2255.4400,-27.6440,35.1986,-693.5089,4107.0566
1,60,holding,disp_hold,2.1000,2.0800,-3.8700,10.2353,0.298600,-13.2210,-3432.3090,-2256.4080,-28.2450,35.1986,-694.4769,4107.5902
1,60,holding,disp_hold,2.1000,2.0800,-3.8700,10.3239,0.297900,-12.6200,-3433.5110,-2255.4400,-27.6440,33.9966,-693.5089,4108.0612
1,60,holding,disp_hold,2.1000,2.0800,-3.8700,10.4121,0.302600,-12.6200,-3432.3090,-2255.4400,-27.6440,35.1986,-693.5089,4107.0566
1,60,holding,disp_hold,2.1000,2.0800,-3.8700,10.5006,0.299000,-12.6200,-3433.5110,-2257.3760,-27.6440,33.9966,-695.4449,4109.1244
1,60,holding,disp_hold,2.1000,2.0800,-3.8700,10.5884,0.297700,-12.6200,-3432.3090,-2255.4400,-27.6440,35.1986,-693.5089,4107.0566
1,60,holding,disp_hold,2.1000,2.0800,-3.8700,10.6771,0.297000,-12.6200,-3432.9110,-2256.4080,-27.6440,34.5966,-694.4769,4108.0913
1,60,holding,disp_hold,2.1000,2.0800,-3.8700,10.7657,0.295600,-12.0190,-3432.9110,-2255.4400,-27.0430,34.5966,-693.5089,4107.5579
1,60,holding,disp_hold,2.1000,2.0800,-3.8700,10.8541,0.296800,-12.6200,-3432.3090,-2255.4400,-27.6440,35.1986,-693.5089,4107.0566
1,60,holding,disp_hold,2.1000,2.0800,-3.8700,10.9426,0.298100,-13.2210,-3434.1130,-2256.4080,-28.2450,33.3946,-694.4769,4109.0977
1,60,holding,disp_hold,2.1000,2.0800,-3.8700,11.0308,0.295500,-12.6200,-3432.9110,-2256.4080,-27.6440,34.5966,-694.4769,4108.0913
1,60,holding,disp_hold,2.1000,2.0800,-3.8700,11.1183,0.298200,-12.6200,-3432.3090,-2256.4080,-27.6440,35.1986,-694.4769,4107.5883
1,60,holding,disp_hold,2.1000,2.0800,-3.8700,11.2069,0.300800,-12.0190,-3432.3090,-2255.4400,-27.0430,35.1986,-693.5089,4107.0548
1,60,holding,disp_hold,2.1000,2.0800,-3.8700,11.2953,0.299300,-12.6200,-3432.3090,-2256.4080,-27.6440,35.1986,-694.4769,4107.5883
1,60,holding,disp_hold,2.1000,2.0800,-3.8700,11.3836,0.297600,-12.0190,-3432.3090,-2257.3760,-27.0430,35.1986,-695.4449,4108.1183
1,60,holding,disp_hold,2.1000,2.0800,-3.8700,11.4726,0.297600,-13.2210,-3432.9110,-2257.3760,-28.2450,34.5966,-695.4449,4108.6250
1,60,holding,disp_hold,2.1000,2.0800,-3.8700,11.5603,0.297700,-12.0190,-3432.9110,-2255.4400,-27.0430,34.5966,-693.5089,4107.5579
1,60,holding,disp_hold,2.1000,2.0800,-3.8700,11.6489,0.298100,-12.0190,-3432.3090,-2256.4080,-27.0430,35.1986,-694.4769,4107.5865
1,60,holding,disp_hold,2.1000,2.0800,-3.8700,11.7371,0.297200,-12.6200,-3432.9110,-2255.4400,-27.6440,34.5966,-693.5089,4107.5597
1,60,holding,disp_hold,2.1000,2.0800,-3.8700,11.8255,0.296300,-12.6200,-3432.3090,-2255.4400,-27.6440,35.1986,-693.5089,4107.0566
1,60,holding,disp_hold,2.1000,2.0800,-3.8700,11.9140,0.298200,-12.6200,-3431.7090,-2256.4080,-27.6440,35.7986,-694.4769,4107.0869
1,60,holding,disp_hold,2.1000,2.0800,-3.8700,12.0026,0.297900,-12.0190,-3431.1080,-2255.4400,-27.0430,36.3996,-693.5089,4106.0512
1,60,holding,disp_hold,2.1000,2.0800,-3.8700,12.0907,0.298200,-12.0190,-3432.3090,-2255.4400,-27.0430,35.1986,-693.5089,4107.0548
1,60,holding,disp_hold,2.1000,2.0800,-3.8700,12.1793,0.296700,-13.2210,-3432.9110,-2255.4400,-28.2450,34.5966,-693.5089,4107.5616
1,60,holding,disp_hold,2.1000,2.0800,-3.8700,12.2681,0.297900,-12.0190,-3432.3090,-2253.5040,-27.0430,35.1986,-691.5729,4105.9919
1,60,holding,disp_hold,2.1000,2.0800,-3.8700,12.3559,0.301300,-12.6200,-3432.3090,-2256.4080,-27.6440,35.1986,-694.4769,4107.5883
1,60,holding,disp_hold,2.1000,2.0800,-3.8700,12.4444,0.298300,-12.0190,-3432.9110,-2256.4080,-27.0430,34.5966,-694.4769,4108.0895
1,60,holding,disp_hold,2.1000,2.0800,-3.8700,12.5326,0.298200,-13.2210,-3432.3090,-2256.4080,-28.2450,35.1986,-694.4769,4107.5902
1,60,holding,disp_hold,2.1000,2.0800,-3.8700,12.6219,0.298900,-13.2210,-3432.3090,-2255.4400,-28.2450,35.1986,-693.5089,4107.0585
1,60,holding,disp_hold,2.1000,2.0800,-3.8700,12.7093,0.298900,-12.0190,-3431.7090,-2255.4400,-27.0430,35.7986,-693.5089,4106.5534
1,60,holding,disp_hold,2.1000,2.0800,-3.8700,12.7987,0.297300,-12.6200,-3431.7090,-2255.4400,-27.6440,35.7986,-693.5089,4106.5552
1,60,holding,disp_hold,2.1000,2.0800,-3.8700,12.8870,0.297200,-12.0190,-3433.5110,-2255.4400,-27.0430,33.9966,-693.5089,4108.0594
1,60,holding,disp_hold,2.1000,2.0800,-3.8700,12.9751,0.295900,-12.6200,-3431.1080,-2256.4080,-27.6440,36.3996,-694.4769,4106.5848
1,60,holding,disp_hold,2.1000,2.0800,-3.8700,13.0634,0.298500,-12.6200,-3432.9110,-2256.4080,-27.6440,34.5966,-694.4769,4108.0913
1,60,holding,disp_hold,2.1000,2.0800,-3.8700,13.1521,0.301900,-12.6200,-3431.7090,-2256.4080,-27.6440,35.7986,-694.4769,4107.0869
1,60,holding,disp_hold,2.1000,2.0800,-3.8700,13.2404,0.298400,-12.6200,-3432.3090,-2255.4400,-27.6440,35.1986,-693.5089,4107.0566
1,60,holding,disp_hold,2.1000,2.0800,-3.8700,13.3288,0.296300,-12.0190,-3432.3090,-2254.4720,-27.0430,35.1986,-692.5409,4106.5233
1,60,holding,disp_hold,2.1000,2.0800,-3.8700,13.4171,0.294100,-12.6200,-3432.3090,-2255.4400,-27.6440,35.1986,-693.5089,4107.0566
1,60,holding,disp_hold,2.1000,2.0800,-3.8700,13.5051,0.295700,-12.6200,-3431.7090,-2254.4720,-27.6440,35.7986,-692.5409,4106.0236
1,60,holding,disp_hold,2.1000,2.0800,-3.8700,13.5941,0.294700,-12.0190,-3432.9110,-2255.4400,-27.0430,34.5966,-693.5089,4107.5579
1,60,holding,disp_hold,2.1000,2.0800,-3.8700,13.6825,0.295800,-13.2210,-3431.7090,-2255.4400,-28.2450,35.7986,-693.5089,4106.5571
1,60,holding,disp_hold,2.1000,2.0800,-3.8700,13.7709,0.296900,-12.6200,-3432.3090,-2255.4400,-27.6440,35.1986,-693.5089,4107.0566
1,60,holding,disp_hold,2.1000,2.0800,-3.8700,13.8591,0.296900,-13.2210,-3432.3090,-2255.4400,-28.2450,35.1986,-693.5089,4107.0585
1,60,holding,disp_hold,2.1000,2.0800,-3.8700,13.9476,0.295200,-13.2210,-3431.1080,-2256.4080,-28.2450,36.3996,-694.4769,4106.5867
1,60,holding,disp_hold,2.1000,2.0800,-3.8700,14.0354,0.297200,-12.0190,-3432.9110,-2255.4400,-27.0430,34.5966,-693.5089,4107.5579
1,60,holding,disp_hold,2.1000,2.0800,-3.8700,14.1236,0.300800,-12.6200,-3431.7090,-2256.4080,-27.6440,35.7986,-694.4769,4107.0869
1,60,holding,disp_hold,2.1000,2.0800,-3.8700,14.2128,0.299400,-12.0190,-3431.7090,-2255.4400,-27.0430,35.7986,-693.5089,4106.5534
1,60,holding,disp_hold,2.1000,2.0800,-3.8700,14.3011,0.295900,-12.0190,-3431.7090,-2255.4400,-27.0430,35.7986,-693.5089,4106.5534
1,60,holding,disp_hold,2.1000,2.0800,-3.8700,14.3894,0.296700,-12.0190,-3432.3090,-2255.4400,-27.0430,35.1986,-693.5089,4107.0548
1,60,holding,disp_hold,2.1000,2.0800,-3.8700,14.4774,0.296200,-12.6200,-3431.7090,-2254.4720,-27.6440,35.7986,-692.5409,4106.0236
1,60,holding,disp_hold,2.1000,2.0800,-3.8700,14.5662,0.297700,-12.0190,-3430.5070,-2254.4720,-27.0430,37.0006,-692.5409,4105.0173
1,60,holding,disp_hold,2.1000,2.0800,-3.8700,14.6547,0.295900,-12.6200,-3431.7090,-2255.4400,-27.6440,35.7986,-693.5089,4106.5552
1,60,holding,disp_hold,2.1000,2.0800,-3.8700,14.7428,0.296500,-12.0190,-3431.1080,-2255.4400,-27.0430,36.3996,-693.5089,4106.0512
1,60,holding,disp_hold,2.1000,2.0800,-3.8700,14.8316,0.295800,-13.2210,-3432.3090,-2255.4400,-28.2450,35.1986,-693.5089,4107.0585
1,60,holding,disp_hold,2.1000,2.0800,-3.8700,14.9196,0.295200,-12.6200,-3431.7090,-2254.4720,-27.6440,35.7986,-692.5409,4106.0236
1,60,holding,disp_hold,2.1000,2.0800,-3.8700,15.0082,0.294900,-12.0190,-3431.7090,-2255.4400,-27.0430,35.7986,-693.5089,4106.5534
1,60,holding,disp_hold,2.1000,2.0800,-3.8700,15.0969,0.296900,-12.0190,-3431.7090,-2255.4400,-27.0430,35.7986,-693.5089,4106.5534
1,60,holding,disp_hold,2.1000,2.0800,-3.8700,15.1851,0.296300,-12.0190,-3432.3090,-2257.3760,-27.0430,35.1986,-695.4449,4108.1183
1,60,holding,disp_hold,2.1000,2.0800,-3.8700,15.2736,0.295700,-12.0190,-3431.7090,-2254.4720,-27.0430,35.7986,-692.5409,4106.0218
1,60,holding,disp_hold,2.1000,2.0800,-3.8700,15.3614,0.294700,-12.6200,-3431.7090,-2255.4400,-27.6440,35.7986,-693.5089,4106.5552
1,60,holding,disp_hold,2.1000,2.0800,-3.8700,15.4504,0.295300,-12.6200,-3432.3090,-2256.4080,-27.6440,35.1986,-694.4769,4107.5883
1,60,holding,disp_hold,2.1000,2.0800,-3.8700,15.5389,0.295600,-13.2210,-3432.9110,-2254.4720,-28.2450,34.5966,-692.5409,4107.0302
1,60,holding,disp_hold,2.1000,2.0800,-3.8700,15.6271,0.294900,-12.0190,-3432.3090,-2255.4400,-27.0430,35.1986,-693.5089,4107.0548
1,60,holding,disp_hold,2.1000,2.0800,-3.8700,15.7150,0.295800,-12.0190,-3432.3090,-2255.4400,-27.0430,35.1986,-693.5089,4107.0548
1,60,holding,disp_hold,2.1000,2.0800,-3.8700,15.8040,0.298200,-12.6200,-3432.3090,-2254.4720,-27.6440,35.1986,-692.5409,4106.5251
1,60,holding,disp_hold,2.1000,2.0800,-3.8700,15.8922,0.298000,-12.6200,-3432.3090,-2255.4400,-27.6440,35.1986,-693.5089,4107.0566
1,60,holding,disp_hold,2.1000,2.0800,-3.8700,15.9809,0.296500,-12.0190,-3432.9110,-2256.4080,-27.0430,34.5966,-694.4769,4108.0895
1,60,holding,disp_hold,2.1000,2.0800,-3.8700,16.0686,0.295800,-12.6200,-3431.7090,-2256.4080,-27.6440,35.7986,-694.4769,4107.0869
1,60,holding,disp_hold,2.1000,2.0800,-3.8700,16.1577,0.295700,-12.6200,-3432.9110,-2255.4400,-27.6440,34.5966,-693.5089,4107.5597
1,60,holding,disp_hold,2.1000,2.0800,-3.8700,16.2460,0.295300,-12.6200,-3431.7090,-2255.4400,-27.6440,35.7986,-693.5089,4106.5552
1,60,holding,disp_hold,2.1000,2.0800,-3.8700,16.3342,0.296400,-12.6200,-3432.9110,-2254.4720,-27.6440,34.5966,-692.5409,4107.0283
1,60,holding,disp_hold,2.1000,2.0800,-3.8700,16.4230,0.296900,-12.0190,-3432.9110,-2256.4080,-27.0430,34.5966,-694.4769,4108.0895
1,60,holding,disp_hold,2.1000,2.0800,-3.8700,16.5111,0.296400,-13.2210,-3431.7090,-2254.4720,-28.2450,35.7986,-692.5409,4106.0255
1,60,holding,disp_hold,2.1000,2.0800,-3.8700,16.5995,0.293700,-12.6200,-3432.9110,-2255.4400,-27.6440,34.5966,-693.5089,4107.5597
1,60,holding,disp_hold,2.1000,2.0800,-3.8700,16.6881,0.296300,-12.0190,-3431.7090,-2255.4400,-27.0430,35.7986,-693.5089,4106.5534
1,60,holding,disp_hold,2.1000,2.0800,-3.8700,16.7762,0.298200,-12.0190,-3431.7090,-2255.4400,-27.0430,35.7986,-693.5089,4106.5534
1,60,holding,disp_hold,2.1000,2.0800,-3.8700,16.8648,0.296400,-12.6200,-3432.9110,-2254.4720,-27.6440,34.5966,-692.5409,4107.0283
1,60,holding,disp_hold,2.1000,2.0800,-3.8700,16.9530,0.294400,-12.0190,-3431.7090,-2256.4080,-27.0430,35.7986,-694.4769,4107.0851
1,60,holding,disp_hold,2.1000,2.0800,-3.8700,17.0416,0.294100,-12.6200,-3432.3090,-2256.4080,-27.6440,35.1986,-694.4769,4107.5883
1,60,holding,disp_hold,2.1000,2.0800,-3.8700,17.1299,0.294600,-12.0190,-3431.7090,-2254.4720,-27.0430,35.7986,-692.5409,4106.0218
1,60,holding,disp_hold,2.1000,2.0800,-3.8700,17.2181,0.295500,-12.0190,-3432.3090,-2255.4400,-27.0430,35.1986,-693.5089,4107.0548
1,60,holding,disp_hold,2.1000,2.0800,-3.8700,17.3061,0.295600,-12.6200,-3431.7090,-2255.4400,-27.6440,35.7986,-693.5089,4106.5552
1,60,holding,disp_hold,2.1000,2.0800,-3.8700,17.3950,0.294500,-12.6200,-3432.9110,-2255.4400,-27.6440,34.5966,-693.5089,4107.5597
1,60,holding,disp_hold,2.1000,2.0800,-3.8700,17.4833,0.294300,-12.6200,-3431.7090,-2256.4080,-27.6440,35.7986,-694.4769,4107.0869
1,60,holding,disp_hold,2.1000,2.0800,-3.8700,17.5719,0.294800,-13.2210,-3432.3090,-2255.4400,-28.2450,35.1986,-693.5089,4107.0585
1,60,holding,disp_hold,2.1000,2.0800,-3.8700,17.6602,0.295400,-12.6200,-3431.7090,-2255.4400,-27.6440,35.7986,-693.5089,4106.5552
1,60,holding,disp_hold,2.1000,2.0800,-3.8700,17.7485,0.295000,-12.0190,-3431.7090,-2255.4400,-27.0430,35.7986,-693.5089,4106.5534
1,60,holding,disp_hold,2.1000,2.0800,-3.8700,17.8371,0.295000,-11.4180,-3432.3090,-2255.4400,-26.4420,35.1986,-693.5089,4107.0531
1,60,holding,disp_hold,2.1000,2.0800,-3.8700,17.9253,0.295500,-12.6200,-3431.1080,-2255.4400,-27.6440,36.3996,-693.5089,4106.0530
1,60,holding,disp_hold,2.1000,2.0800,-3.8700,18.0143,0.295100,-12.6200,-3432.3090,-2254.4720,-27.6440,35.1986,-692.5409,4106.5251
1,60,holding,disp_hold,2.1000,2.0800,-3.8700,18.1021,0.294000,-12.6200,-3431.7090,-2255.4400,-27.6440,35.7986,-693.5089,4106.5552
1,60,holding,disp_hold,2.1000,2.0800,-3.8700,18.1905,0.295500,-12.6200,-3432.3090,-2255.4400,-27.6440,35.1986,-693.5089,4107.0566
1,60,holding,disp_hold,2.1000,2.0800,-3.8700,18.2790,0.295900,-13.2210,-3431.7090,-2256.4080,-28.2450,35.7986,-694.4769,4107.0888
1,60,holding,disp_hold,2.1000,2.0800,-3.8700,18.3672,0.296400,-12.6200,-3431.7090,-2255.4400,-27.6440,35.7986,-693.5089,4106.5552
1,60,holding,disp_hold,2.1000,2.0800,-3.8700,18.4559,0.294600,-12.6200,-3431.7090,-2255.4400,-27.6440,35.7986,-693.5089,4106.5552
1,60,holding,disp_hold,2.1000,2.0800,-3.8700,18.5442,0.294200,-13.2210,-3432.3090,-2255.4400,-28.2450,35.1986,-693.5089,4107.0585
1,60,holding,disp_hold,2.1000,2.0800,-3.8700,18.6325,0.294800,-12.0190,-3431.1080,-2255.4400,-27.0430,36.3996,-693.5089,4106.0512
1,60,holding,disp_hold,2.1000,2.0800,-3.8700,18.7208,0.294000,-12.0190,-3431.1080,-2255.4400,-27.0430,36.3996,-693.5089,4106.0512
1,60,holding,disp_hold,2.1000,2.0800,-3.8700,18.8091,0.293700,-12.0190,-3432.3090,-2255.4400,-27.0430,35.1986,-693.5089,4107.0548
1,60,holding,disp_hold,2.1000,2.0800,-3.8700,18.8978,0.294700,-12.0190,-3431.1080,-2255.4400,-27.0430,36.3996,-693.5089,4106.0512
1,60,holding,disp_hold,2.1000,2.0800,-3.8700,18.9859,0.293800,-12.0190,-3432.3090,-2255.4400,-27.0430,35.1986,-693.5089,4107.0548
1,60,holding,disp_hold,2.1000,2.0800,-3.8700,19.0743,0.294000,-12.6200,-3431.7090,-2254.4720,-27.6440,35.7986,-692.5409,4106.0236
1,60,holding,disp_hold,2.1000,2.0800,-3.8700,19.1629,0.293700,-12.6200,-3431.7090,-2254.4720,-27.6440,35.7986,-692.5409,4106.0236
1,60,holding,disp_hold,2.1000,2.0800,-3.8700,19.2511,0.293500,-12.6200,-3431.7090,-2255.4400,-27.6440,35.7986,-693.5089,4106.5552
1,60,holding,disp_hold,2.1000,2.0800,-3.8700,19.3397,0.295400,-12.6200,-3432.3090,-2254.4720,-27.6440,35.1986,-692.5409,4106.5251
1,60,holding,disp_hold,2.1000,2.0800,-3.8700,19.4272,0.297400,-12.6200,-3431.7090,-2253.5040,-27.6440,35.7986,-691.5729,4105.4922
1,60,holding,disp_hold,2.1000,2.0800,-3.8700,19.5162,0.298200,-12.6200,-3431.7090,-2254.4720,-27.6440,35.7986,-692.5409,4106.0236
1,60,holding,disp_hold,2.1000,2.0800,-3.8700,19.6047,0.296200,-12.6200,-3431.7090,-2254.4720,-27.6440,35.7986,-692.5409,4106.0236
1,60,holding,disp_hold,2.1000,2.0800,-3.8700,19.6931,0.293600,-12.0190,-3432.9110,-2255.4400,-27.0430,34.5966,-693.5089,4107.5579
1,60,holding,disp_hold,2.1000,2.0800,-3.8700,19.7816,0.294200,-12.6200,-3431.7090,-2254.4720,-27.6440,35.7986,-692.5409,4106.0236
1,60,holding,disp_hold,2.1000,2.0800,-3.8700,19.8700,0.293600,-12.6200,-3431.7090,-2254.4720,-27.6440,35.7986,-692.5409,4106.0236
1,60,holding,disp_hold,2.1000,2.0800,-3.8700,19.9581,0.292700,-12.0190,-3431.7090,-2254.4720,-27.0430,35.7986,-692.5409,4106.0218
1,60,holding,disp_hold,2.1000,2.0800,-3.8700,20.0468,0.295400,-12.6200,-3431.7090,-2255.4400,-27.6440,35.7986,-693.5089,4106.5552
1,60,holding,disp_hold,2.1000,2.0800,-3.8700,20.1354,0.298600,-12.6200,-3431.1080,-2253.5040,-27.6440,36.3996,-691.5729,4104.9898
1,60,holding,disp_hold,2.1000,2.0800,-3.8700,20.2236,0.298100,-12.6200,-3431.1080,-2256.4080,-27.6440,36.3996,-694.4769,4106.5848
1,60,holding,disp_hold,2.1000,2.0800,-3.8700,20.3118,0.295700,-12.6200,-3431.1080,-2256.4080,-27.6440,36.3996,-694.4769,4106.5848
1,60,holding,disp_hold,2.1000,2.0800,-3.8700,20.4002,0.295100,-12.0190,-3432.3090,-2254.4720,-27.0430,35.1986,-692.5409,4106.5233
1,60,holding,disp_hold,2.1000,2.0800,-3.8700,20.4886,0.295500,-12.6200,-3431.7090,-2255.4400,-27.6440,35.7986,-693.5089,4106.5552
1,60,holding,disp_hold,2.1000,2.0800,-3.8700,20.5770,0.297900,-12.0190,-3431.1080,-2253.5040,-27.0430,36.3996,-691.5729,4104.9880
1,60,holding,disp_hold,2.1000,2.0800,-3.8700,20.6657,0.297500,-12.0190,-3431.7090,-2254.4720,-27.0430,35.7986,-692.5409,4106.0218
1,60,holding,disp_hold,2.1000,2.0800,-3.8700,20.7533,0.295900,-12.6200,-3432.3090,-2255.4400,-27.6440,35.1986,-693.5089,4107.0566
1,60,holding,disp_hold,2.1000,2.0800,-3.8700,20.8422,0.295800,-12.0190,-3431.7090,-2255.4400,-27.0430,35.7986,-693.5089,4106.5534
1,60,holding,disp_hold,2.1000,2.0800,-3.8700,20.9305,0.295300,-13.2210,-3431.7090,-2254.4720,-28.2450,35.7986,-692.5409,4106.0255
1,60,holding,disp_hold,2.1000,2.0800,-3.8700,21.0191,0.294000,-12.6200,-3431.7090,-2255.4400,-27.6440,35.7986,-693.5089,4106.5552
1,60,holding,disp_hold,2.1000,2.0800,-3.8700,21.1069,0.294500,-12.6200,-3431.1080,-2255.4400,-27.6440,36.3996,-693.5089,4106.0530
1,60,holding,disp_hold,2.1000,2.0800,-3.8700,21.1959,0.293800,-13.2210,-3432.3090,-2256.4080,-28.2450,35.1986,-694.4769,4107.5902
1,60,holding,disp_hold,2.1000,2.0800,-3.8700,21.2841,0.293000,-12.6200,-3431.7090,-2255.4400,-27.6440,35.7986,-693.5089,4106.5552
1,60,holding,disp_hold,2.1000,2.0800,-3.8700,21.3721,0.293700,-11.4180,-3432.3090,-2254.4720,-26.4420,35.1986,-692.5409,4106.5216
1,60,holding,disp_hold,2.1000,2.0800,-3.8700,21.4604,0.296000,-12.6200,-3431.1080,-2255.4400,-27.6440,36.3996,-693.5089,4106.0530
1,60,holding,disp_hold,2.1000,2.0800,-3.8700,21.5486,0.295800,-13.2210,-3431.7090,-2254.4720,-28.2450,35.7986,-692.5409,4106.0255
1,60,holding,disp_hold,2.1000,2.0800,-3.8700,21.6370,0.295200,-12.0190,-3431.7090,-2255.4400,-27.0430,35.7986,-693.5089,4106.5534
1,60,holding,disp_hold,2.1000,2.0800,-3.8700,21.7254,0.293800,-13.8220,-3431.1080,-2255.4400,-28.8460,36.3996,-693.5089,4106.0568
1,60,holding,disp_hold,2.1000,2.0800,-3.8700,21.8140,0.292600,-11.4180,-3431.7090,-2255.4400,-26.4420,35.7986,-693.5089,4106.5517
1,60,holding,disp_hold,2.1000,2.0800,-3.8700,21.9027,0.292800,-12.6200,-3431.7090,-2254.4720,-27.6440,35.7986,-692.5409,4106.0236
1,60,holding,disp_hold,2.1000,2.0800,-3.8700,21.9912,0.292100,-12.6200,-3431.7090,-2254.4720,-27.6440,35.7986,-692.5409,4106.0236
1,60,holding,disp_hold,2.1000,2.0800,-3.8700,22.0798,0.292600,-12.6200,-3431.7090,-2254.4720,-27.6440,35.7986,-692.5409,4106.0236
1,60,holding,disp_hold,2.1000,2.0800,-3.8700,22.1682,0.293100,-12.6200,-3431.7090,-2253.5040,-27.6440,35.7986,-691.5729,4105.4922
1,60,holding,disp_hold,2.1000,2.0800,-3.8700,22.2559,0.293500,-12.0190,-3431.1080,-2254.4720,-27.0430,36.3996,-692.5409,4105.5195
1,60,holding,disp_hold,2.1000,2.0800,-3.8700,22.3440,0.292800,-12.0190,-3432.3090,-2254.4720,-27.0430,35.1986,-692.5409,4106.5233
1,60,holding,disp_hold,2.1000,2.0800,-3.8700,22.4324,0.294300,-13.2210,-3431.7090,-2255.4400,-28.2450,35.7986,-693.5089,4106.5571
1,60,holding,disp_hold,2.1000,2.0800,-3.8700,22.5209,0.293000,-12.0190,-3431.7090,-2254.4720,-27.0430,35.7986,-692.5409,4106.0218
1,60,holding,disp_hold,2.1000,2.0800,-3.8700,22.6093,0.293200,-12.0190,-3431.7090,-2254.4720,-27.0430,35.7986,-692.5409,4106.0218
1,60,holding,disp_hold,2.1000,2.0800,-3.8700,22.6976,0.295000,-12.0190,-3432.3090,-2255.4400,-27.0430,35.1986,-693.5089,4107.0548
1,60,holding,disp_hold,2.1000,2.0800,-3.8700,22.7861,0.292300,-12.6200,-3431.1080,-2256.4080,-27.6440,36.3996,-694.4769,4106.5848
1,60,holding,disp_hold,2.1000,2.0800,-3.8700,22.8746,0.293100,-12.6200,-3431.7090,-2255.4400,-27.6440,35.7986,-693.5089,4106.5552
1,60,holding,disp_hold,2.1000,2.0800,-3.8700,22.9636,0.294600,-12.0190,-3431.7090,-2253.5040,-27.0430,35.7986,-691.5729,4105.4904
1,60,holding,disp_hold,2.1000,2.0800,-3.8700,23.0521,0.294100,-12.6200,-3432.3090,-2253.5040,-27.6440,35.1986,-691.5729,4105.9937
1,60,holding,disp_hold,2.1000,2.0800,-3.8700,23.1402,0.295300,-12.6200,-3431.7090,-2254.4720,-27.6440,35.7986,-692.5409,4106.0236
1,60,holding,disp_hold,2.1000,2.0800,-3.8700,23.2289,0.294300,-12.6200,-3431.1080,-2255.4400,-27.6440,36.3996,-693.5089,4106.0530
1,60,holding,disp_hold,2.1000,2.0800,-3.8700,23.3171,0.293000,-13.2210,-3430.5070,-2254.4720,-28.2450,37.0006,-692.5409,4105.0210
1,60,holding,disp_hold,2.1000,2.0800,-3.8700,23.4055,0.293300,-12.6200,-3431.7090,-2254.4720,-27.6440,35.7986,-692.5409,4106.0236
1,60,holding,disp_hold,2.1000,2.0800,-3.8700,23.4939,0.295800,-12.6200,-3431.1080,-2253.5040,-27.6440,36.3996,-691.5729,4104.9898
1,60,holding,disp_hold,2.1000,2.0800,-3.8700,23.5822,0.295900,-12.6200,-3431.7090,-2254.4720,-27.6440,35.7986,-692.5409,4106.0236
1,60,holding,disp_hold,2.1000,2.0800,-3.8700,23.6708,0.294700,-12.0190,-3431.1080,-2254.4720,-27.0430,36.3996,-692.5409,4105.5195
1,60,holding,disp_hold,2.1000,2.0800,-3.8700,23.7591,0.291900,-13.2210,-3431.1080,-2254.4720,-28.2450,36.3996,-692.5409,4105.5232
1,60,holding,disp_hold,2.1000,2.0800,-3.8700,23.8475,0.292700,-12.6200,-3431.1080,-2255.4400,-27.6440,36.3996,-693.5089,4106.0530
1,60,holding,disp_hold,2.1000,2.0800,-3.8700,23.9357,0.293800,-12.0190,-3431.1080,-2254.4720,-27.0430,36.3996,-692.5409,4105.5195
1,60,holding,disp_hold,2.1000,2.0800,-3.8700,24.0243,0.294900,-12.0190,-3431.1080,-2255.4400,-27.0430,36.3996,-693.5089,4106.0512
1,60,holding,disp_hold,2.1000,2.0800,-3.8700,24.1129,0.293000,-12.6200,-3432.3090,-2255.4400,-27.6440,35.1986,-693.5089,4107.0566
1,60,holding,disp_hold,2.1000,2.0800,-3.8700,24.2011,0.293000,-13.2210,-3432.3090,-2253.5040,-28.2450,35.1986,-691.5729,4105.9956
1,60,holding,disp_hold,2.1000,2.0800,-3.8700,24.2897,0.294400,-13.2210,-3431.1080,-2255.4400,-28.2450,36.3996,-693.5089,4106.0549
1,60,holding,disp_hold,2.1000,2.0800,-3.8700,24.3780,0.294400,-12.6200,-3432.3090,-2255.4400,-27.6440,35.1986,-693.5089,4107.0566
1,60,holding,disp_hold,2.1000,2.0800,-3.8700,24.4664,0.293900,-12.0190,-3431.1080,-2254.4720,-27.0430,36.3996,-692.5409,4105.5195
1,60,holding,disp_hold,2.1000,2.0800,-3.8700,24.5549,0.293000,-12.0190,-3430.5070,-2254.4720,-27.0430,37.0006,-692.5409,4105.0173
1,60,holding,disp_hold,2.1000,2.0800,-3.8700,24.6431,0.295700,-12.0190,-3430.5070,-2254.4720,-27.0430,37.0006,-692.5409,4105.0173
1,60,holding,disp_hold,2.1000,2.0800,-3.8700,24.7317,0.295300,-12.6200,-3431.1080,-2255.4400,-27.6440,36.3996,-693.5089,4106.0530
1,60,holding,disp_hold,2.1000,2.0800,-3.8700,24.8201,0.294400,-12.6200,-3431.7090,-2254.4720,-27.6440,35.7986,-692.5409,4106.0236
1,60,holding,disp_hold,2.1000,2.0800,-3.8700,24.9083,0.293500,-12.6200,-3431.1080,-2255.4400,-27.6440,36.3996,-693.5089,4106.0530
1,60,holding,disp_hold,2.1000,2.0800,-3.8700,24.9969,0.294000,-12.6200,-3431.7090,-2253.5040,-27.6440,35.7986,-691.5729,4105.4922
1,60,holding,disp_hold,2.1000,2.0800,-3.8700,25.0853,0.294900,-12.0190,-3430.5070,-2254.4720,-27.0430,37.0006,-692.5409,4105.0173
1,60,holding,disp_hold,2.1000,2.0800,-3.8700,25.1737,0.293300,-12.0190,-3432.3090,-2254.4720,-27.0430,35.1986,-692.5409,4106.5233
1,60,holding,disp_hold,2.1000,2.0800,-3.8700,25.2618,0.294900,-12.0190,-3431.7090,-2255.4400,-27.0430,35.7986,-693.5089,4106.5534
1,60,holding,disp_hold,2.1000,2.0800,-3.8700,25.3504,0.293200,-12.6200,-3431.7090,-2254.4720,-27.6440,35.7986,-692.5409,4106.0236
1,60,holding,disp_hold,2.1000,2.0800,-3.8700,25.4389,0.291600,-12.0190,-3432.9110,-2254.4720,-27.0430,34.5966,-692.5409,4107.0265
1,60,holding,disp_hold,2.1000,2.0800,-3.8700,25.5268,0.291900,-12.6200,-3431.7090,-2253.5040,-27.6440,35.7986,-691.5729,4105.4922
1,60,holding,disp_hold,2.1000,2.0800,-3.8700,25.6156,0.293100,-12.6200,-3431.7090,-2255.4400,-27.6440,35.7986,-693.5089,4106.5552
1,60,holding,disp_hold,2.1000,2.0800,-3.8700,25.7041,0.293900,-12.6200,-3431.7090,-2255.4400,-27.6440,35.7986,-693.5089,4106.5552
1,60,holding,disp_hold,2.1000,2.0800,-3.8700,25.7925,0.292600,-12.0190,-3431.7090,-2256.4080,-27.0430,35.7986,-694.4769,4107.0851
1,60,holding,disp_hold,2.1000,2.0800,-3.8700,25.8809,0.293500,-12.6200,-3431.1080,-2255.4400,-27.6440,36.3996,-693.5089,4106.0530
1,60,holding,disp_hold,2.1000,2.0800,-3.8700,25.9692,0.296200,-12.6200,-3430.5070,-2254.4720,-27.6440,37.0006,-692.5409,4105.0191
1,60,holding,disp_hold,2.1000,2.0800,-3.8700,26.0577,0.295900,-12.0190,-3431.1080,-2253.5040,-27.0430,36.3996,-691.5729,4104.9880
1,60,holding,disp_hold,2.1000,2.0800,-3.8700,26.1461,0.293400,-13.2210,-3431.7090,-2253.5040,-28.2450,35.7986,-691.5729,4105.4941
1,60,holding,disp_hold,2.1000,2.0800,-3.8700,26.2346,0.294100,-12.6200,-3431.7090,-2256.4080,-27.6440,35.7986,-694.4769,4107.0869
1,60,holding,disp_hold,2.1000,2.0800,-3.8700,26.3229,0.293300,-12.6200,-3431.7090,-2255.4400,-27.6440,35.7986,-693.5089,4106.5552
1,60,holding,disp_hold,2.1000,2.0800,-3.8700,26.4112,0.293900,-13.2210,-3430.5070,-2254.4720,-28.2450,37.0006,-692.5409,4105.0210
1,60,holding,disp_hold,2.1000,2.0800,-3.8700,26.4999,0.294000,-12.6200,-3431.1080,-2254.4720,-27.6440,36.3996,-692.5409,4105.5213
1,60,holding,disp_hold,2.1000,2.0800,-3.8700,26.5881,0.293300,-12.0190,-3431.7090,-2253.5040,-27.0430,35.7986,-691.5729,4105.4904
1,60,holding,disp_hold,2.1000,2.0800,-3.8700,26.6761,0.292400,-12.0190,-3431.1080,-2255.4400,-27.0430,36.3996,-693.5089,4106.0512
1,60,holding,disp_hold,2.1000,2.0800,-3.8700,26.7644,0.291800,-12.6200,-3431.7090,-2255.4400,-27.6440,35.7986,-693.5089,4106.5552
1,60,holding,disp_hold,2.1000,2.0800,-3.8700,26.8528,0.293300,-12.0190,-3431.1080,-2255.4400,-27.0430,36.3996,-693.5089,4106.0512
1,60,holding,disp_hold,2.1000,2.0800,-3.8700,26.9410,0.293300,-12.6200,-3432.3090,-2254.4720,-27.6440,35.1986,-692.5409,4106.5251
1,60,holding,disp_hold,2.1000,2.0800,-3.8700,27.0300,0.292600,-12.0190,-3431.1080,-2252.5360,-27.0430,36.3996,-690.6049,4104.4567
1,60,holding,disp_hold,2.1000,2.0800,-3.8700,27.1185,0.294200,-12.0190,-3431.7090,-2254.4720,-27.0430,35.7986,-692.5409,4106.0218
1,60,holding,disp_hold,2.1000,2.0800,-3.8700,27.2071,0.294500,-12.6200,-3430.5070,-2254.4720,-27.6440,37.0006,-692.5409,4105.0191
1,60,holding,disp_hold,2.1000,2.0800,-3.8700,27.2951,0.293000,-12.0190,-3431.7090,-2254.4720,-27.0430,35.7986,-692.5409,4106.0218
1,60,holding,disp_hold,2.1000,2.0800,-3.8700,27.3837,0.292900,-12.0190,-3431.1080,-2254.4720,-27.0430,36.3996,-692.5409,4105.5195
1,60,holding,disp_hold,2.1000,2.0800,-3.8700,27.4721,0.293100,-12.6200,-3431.1080,-2254.4720,-27.6440,36.3996,-692.5409,4105.5213
1,60,holding,disp_hold,2.1000,2.0800,-3.8700,27.5605,0.291200,-12.0190,-3431.7090,-2254.4720,-27.0430,35.7986,-692.5409,4106.0218
1,60,holding,disp_hold,2.1000,2.0800,-3.8700,27.6490,0.291100,-12.6200,-3431.7090,-2254.4720,-27.6440,35.7986,-692.5409,4106.0236
1,60,holding,disp_hold,2.1000,2.0800,-3.8700,27.7371,0.292500,-12.6200,-3431.7090,-2254.4720,-27.6440,35.7986,-692.5409,4106.0236
1,60,holding,disp_hold,2.1000,2.0800,-3.8700,27.8258,0.293300,-12.0190,-3432.3090,-2255.4400,-27.0430,35.1986,-693.5089,4107.0548
1,60,holding,disp_hold,2.1000,2.0800,-3.8700,27.9141,0.293200,-12.0190,-3431.1080,-2253.5040,-27.0430,36.3996,-691.5729,4104.9880
1,60,holding,disp_hold,2.1000,2.0800,-3.8700,28.0042,0.292400,-12.0190,-3432.3090,-2254.4720,-27.0430,35.1986,-692.5409,4106.5233
1,60,holding,disp_hold,2.1000,2.0800,-3.8700,28.0904,0.293400,-12.0190,-3431.7090,-2254.4720,-27.0430,35.7986,-692.5409,4106.0218
1,60,holding,disp_hold,2.1000,2.0800,-3.8700,28.1786,0.292900,-12.0190,-3431.7090,-2254.4720,-27.0430,35.7986,-692.5409,4106.0218
1,60,holding,disp_hold,2.1000,2.0800,-3.8700,28.2671,0.290700,-12.6200,-3430.5070,-2254.4720,-27.6440,37.0006,-692.5409,4105.0191
1,60,holding,disp_hold,2.1000,2.0800,-3.8700,28.3553,0.290900,-12.6200,-3432.3090,-2254.4720,-27.6440,35.1986,-692.5409,4106.5251
1,60,holding,disp_hold,2.1000,2.0800,-3.8700,28.4438,0.291900,-12.6200,-3431.1080,-2253.5040,-27.6440,36.3996,-691.5729,4104.9898
1,60,holding,disp_hold,2.1000,2.0800,-3.8700,28.5328,0.295600,-13.2210,-3431.7090,-2253.5040,-28.2450,35.7986,-691.5729,4105.4941
1,60,holding,disp_hold,2.1000,2.0800,-3.8700,28.6210,0.292900,-12.0190,-3431.1080,-2254.4720,-27.0430,36.3996,-692.5409,4105.5195
1,60,holding,disp_hold,2.1000,2.0800,-3.8700,28.7097,0.292100,-12.6200,-3431.7090,-2254.4720,-27.6440,35.7986,-692.5409,4106.0236
1,60,holding,disp_hold,2.1000,2.0800,-3.8700,28.7974,0.291900,-12.6200,-3431.1080,-2253.5040,-27.6440,36.3996,-691.5729,4104.9898
1,60,holding,disp_hold,2.1000,2.0800,-3.8700,28.8856,0.291800,-12.0190,-3430.5070,-2254.4720,-27.0430,37.0006,-692.5409,4105.0173
1,60,holding,disp_hold,2.1000,2.0800,-3.8700,28.9740,0.291800,-12.6200,-3430.5070,-2253.5040,-27.6440,37.0006,-691.5729,4104.4875
1,60,holding,disp_hold,2.1000,2.0800,-3.8700,29.0629,0.293300,-12.6200,-3431.1080,-2254.4720,-27.6440,36.3996,-692.5409,4105.5213
1,60,holding,disp_hold,2.1000,2.0800,-3.8700,29.1517,0.295100,-13.2210,-3430.5070,-2253.5040,-28.2450,37.0006,-691.5729,4104.4894
1,60,holding,disp_hold,2.1000,2.0800,-3.8700,29.2397,0.291700,-12.0190,-3429.9060,-2253.5040,-27.0430,37.6016,-691.5729,4103.9834
1,60,holding,disp_hold,2.1000,2.0800,-3.8700,29.3278,0.291100,-13.2210,-3430.5070,-2252.5360,-28.2450,37.0006,-690.6049,4103.9580
1,60,holding,disp_hold,2.1000,2.0800,-3.8700,29.4167,0.292500,-12.0190,-3431.1080,-2254.4720,-27.0430,36.3996,-692.5409,4105.5195
1,60,holding,disp_hold,2.1000,2.0800,-3.8700,29.5051,0.293000,-12.0190,-3431.1080,-2255.4400,-27.0430,36.3996,-693.5089,4106.0512
1,60,holding,disp_hold,2.1000,2.0800,-3.8700,29.5931,0.292000,-12.0190,-3431.1080,-2254.4720,-27.0430,36.3996,-692.5409,4105.5195
1,60,holding,disp_hold,2.1000,2.0800,-3.8700,29.6817,0.293100,-12.0190,-3429.9060,-2252.5360,-27.0430,37.6016,-690.6049,4103.4520
1,60,holding,disp_hold,2.1000,2.0800,-3.8700,29.7702,0.293700,-12.6200,-3429.9060,-2254.4720,-27.6440,37.6016,-692.5409,4104.5168
1,60,holding,disp_hold,2.1000,2.0800,-3.8700,29.8588,0.292800,-12.6200,-3430.5070,-2254.4720,-27.6440,37.0006,-692.5409,4105.0191
1,60,holding,disp_hold,2.1000,2.0800,-3.8700,29.9471,0.293100,-12.0190,-3431.1080,-2254.4720,-27.0430,36.3996,-692.5409,4105.5195
1,60,holding,disp_hold,2.1000,2.0800,-3.8700,30.0353,0.293400,-12.0190,-3431.1080,-2254.4720,-27.0430,36.3996,-692.5409,4105.5195
1,60,holding,disp_hold,2.1000,2.0800,-3.8700,30.1232,0.292800,-12.0190,-3431.7090,-2254.4720,-27.0430,35.7986,-692.5409,4106.0218
1,60,holding,disp_hold,2.1000,2.0800,-3.8700,30.2122,0.293000,-12.0190,-3431.7090,-2254.4720,-27.0430,35.7986,-692.5409,4106.0218
1,60,holding,disp_hold,2.1000,2.0800,-3.8700,30.3008,0.294100,-12.6200,-3430.5070,-2254.4720,-27.6440,37.0006,-692.5409,4105.0191
1,60,holding,disp_hold,2.1000,2.0800,-3.8700,30.3884,0.293700,-12.6200,-3430.5070,-2253.5040,-27.6440,37.0006,-691.5729,4104.4875
1,60,holding,disp_hold,2.1000,2.0800,-3.8700,30.4766,0.294000,-12.0190,-3432.3090,-2253.5040,-27.0430,35.1986,-691.5729,4105.9919
1,60,holding,disp_hold,2.1000,2.0800,-3.8700,30.5652,0.293200,-12.6200,-3431.7090,-2255.4400,-27.6440,35.7986,-693.5089,4106.5552
1,60,holding,disp_hold,2.1000,2.0800,-3.8700,30.6535,0.293100,-12.0190,-3430.5070,-2254.4720,-27.0430,37.0006,-692.5409,4105.0173
1,60,holding,disp_hold,2.1000,2.0800,-3.8700,30.7420,0.293600,-11.4180,-3430.5070,-2253.5040,-26.4420,37.0006,-691.5729,4104.4840
1,60,holding,disp_hold,2.1000,2.0800,-3.8700,30.8305,0.294000,-12.0190,-3431.1080,-2252.5360,-27.0430,36.3996,-690.6049,4104.4567
1,60,holding,disp_hold,2.1000,2.0800,-3.8700,30.9186,0.293600,-12.0190,-3430.5070,-2253.5040,-27.0430,37.0006,-691.5729,4104.4857
1,60,holding,disp_hold,2.1000,2.0800,-3.8700,31.0072,0.293900,-12.0190,-3431.1080,-2253.5040,-27.0430,36.3996,-691.5729,4104.9880
1,60,holding,disp_hold,2.1000,2.0800,-3.8700,31.0955,0.292600,-12.0190,-3430.5070,-2253.5040,-27.0430,37.0006,-691.5729,4104.4857
1,60,holding,disp_hold,2.1000,2.0800,-3.8700,31.1839,0.292300,-12.0190,-3431.1080,-2253.5040,-27.0430,36.3996,-691.5729,4104.9880
1,60,holding,disp_hold,2.1000,2.0800,-3.8700,31.2727,0.291500,-13.2210,-3429.9060,-2252.5360,-28.2450,37.6016,-690.6049,4103.4557
1,60,holding,disp_hold,2.1000,2.0800,-3.8700,31.3606,0.291900,-12.0190,-3431.7090,-2253.5040,-27.0430,35.7986,-691.5729,4105.4904
1,60,holding,disp_hold,2.1000,2.0800,-3.8700,31.4490,0.292900,-13.2210,-3431.7090,-2253.5040,-28.2450,35.7986,-691.5729,4105.4941
1,60,holding,disp_hold,2.1000,2.0800,-3.8700,31.5374,0.293500,-12.0190,-3430.5070,-2254.4720,-27.0430,37.0006,-692.5409,4105.0173
1,60,holding,disp_hold,2.1000,2.0800,-3.8700,31.6260,0.291900,-12.6200,-3429.9060,-2253.5040,-27.6440,37.6016,-691.5729,4103.9852
1,60,holding,disp_hold,2.1000,2.0800,-3.8700,31.7143,0.291500,-11.4180,-3431.1080,-2254.4720,-26.4420,36.3996,-692.5409,4105.5178
1,60,holding,disp_hold,2.1000,2.0800,-3.8700,31.8026,0.293000,-12.6200,-3429.9060,-2254.4720,-27.6440,37.6016,-692.5409,4104.5168
1,60,holding,disp_hold,2.1000,2.0800,-3.8700,31.8910,0.293400,-12.0190,-3431.1080,-2253.5040,-27.0430,36.3996,-691.5729,4104.9880
1,60,holding,disp_hold,2.1000,2.0800,-3.8700,31.9795,0.292500,-12.0190,-3431.1080,-2252.5360,-27.0430,36.3996,-690.6049,4104.4567
1,60,holding,disp_hold,2.1000,2.0800,-3.8700,32.0679,0.291300,-12.0190,-3429.9060,-2252.5360,-27.0430,37.6016,-690.6049,4103.4520
1,60,holding,disp_hold,2.1000,2.0800,-3.8700,32.1563,0.290400,-12.0190,-3430.5070,-2251.5670,-27.0430,37.0006,-689.6359,4103.4226
1,60,holding,disp_hold,2.1000,2.0800,-3.8700,32.2445,0.290400,-12.6200,-3429.9060,-2253.5040,-27.6440,37.6016,-691.5729,4103.9852
1,60,holding,disp_hold,2.1000,2.0800,-3.8700,32.3331,0.291500,-12.6200,-3431.7090,-2253.5040,-27.6440,35.7986,-691.5729,4105.4922
1,60,holding,disp_hold,2.1000,2.0800,-3.8700,32.4220,0.292400,-12.6200,-3431.1080,-2253.5040,-27.6440,36.3996,-691.5729,4104.9898
1,60,holding,disp_hold,2.1000,2.0800,-3.8700,32.5103,0.292100,-12.6200,-3430.5070,-2253.5040,-27.6440,37.0006,-691.5729,4104.4875
1,60,holding,disp_hold,2.1000,2.0800,-3.8700,32.5989,0.292900,-12.6200,-3430.5070,-2253.5040,-27.6440,37.0006,-691.5729,4104.4875
1,60,holding,disp_hold,2.1000,2.0800,-3.8700,32.6871,0.293000,-12.0190,-3431.1080,-2253.5040,-27.0430,36.3996,-691.5729,4104.9880
1,60,holding,disp_hold,2.1000,2.0800,-3.8700,32.7757,0.292500,-12.6200,-3431.1080,-2254.4720,-27.6440,36.3996,-692.5409,4105.5213
1,60,holding,disp_hold,2.1000,2.0800,-3.8700,32.8636,0.292700,-12.0190,-3431.1080,-2252.5360,-27.0430,36.3996,-690.6049,4104.4567
1,60,holding,disp_hold,2.1000,2.0800,-3.8700,32.9524,0.293000,-12.0190,-3431.1080,-2253.5040,-27.0430,36.3996,-691.5729,4104.9880
1,60,holding,disp_hold,2.1000,2.0800,-3.8700,33.0409,0.293000,-12.6200,-3431.1080,-2253.5040,-27.6440,36.3996,-691.5729,4104.9898
1,60,holding,disp_hold,2.1000,2.0800,-3.8700,33.1291,0.292300,-12.6200,-3431.1080,-2254.4720,-27.6440,36.3996,-692.5409,4105.5213
1,60,holding,disp_hold,2.1000,2.0800,-3.8700,33.2176,0.292700,-12.6200,-3431.1080,-2254.4720,-27.6440,36.3996,-692.5409,4105.5213
1,60,holding,disp_hold,2.1000,2.0800,-3.8700,33.3060,0.292400,-12.6200,-3430.5070,-2254.4720,-27.6440,37.0006,-692.5409,4105.0191
1,60,holding,disp_hold,2.1000,2.0800,-3.8700,33.3943,0.293600,-12.0190,-3429.9060,-2254.4720,-27.0430,37.6016,-692.5409,4104.5150
1,60,holding,disp_hold,2.1000,2.0800,-3.8700,33.4822,0.291600,-12.0190,-3431.1080,-2254.4720,-27.0430,36.3996,-692.5409,4105.5195
1,60,holding,disp_hold,2.1000,2.0800,-3.8700,33.5710,0.290800,-12.6200,-3430.5070,-2253.5040,-27.6440,37.0006,-691.5729,4104.4875
1,60,holding,disp_hold,2.1000,2.0800,-3.8700,33.6586,0.290400,-12.0190,-3430.5070,-2252.5360,-27.0430,37.0006,-690.6049,4103.9543
1,60,holding,disp_hold,2.1000,2.0800,-3.8700,33.7480,0.292100,-12.6200,-3430.5070,-2253.5040,-27.6440,37.0006,-691.5729,4104.4875
1,60,holding,disp_hold,2.1000,2.0800,-3.8700,33.8357,0.293000,-12.0190,-3429.9060,-2254.4720,-27.0430,37.6016,-692.5409,4104.5150
1,60,holding,disp_hold,2.1000,2.0800,-3.8700,33.9249,0.292200,-12.6200,-3430.5070,-2253.5040,-27.6440,37.0006,-691.5729,4104.4875
1,60,holding,disp_hold,2.1000,2.0800,-3.8700,34.0130,0.292100,-12.6200,-3430.5070,-2254.4720,-27.6440,37.0006,-692.5409,4105.0191
1,60,holding,disp_hold,2.1000,2.0800,-3.8700,34.1015,0.293200,-12.0190,-3431.1080,-2254.4720,-27.0430,36.3996,-692.5409,4105.5195
1,60,holding,disp_hold,2.1000,2.0800,-3.8700,34.1900,0.291700,-12.0190,-3430.5070,-2254.4720,-27.0430,37.0006,-692.5409,4105.0173
1,60,holding,disp_hold,2.1000,2.0800,-3.8700,34.2781,0.292700,-12.0190,-3431.1080,-2253.5040,-27.0430,36.3996,-691.5729,4104.9880
1,60,holding,disp_hold,2.1000,2.0800,-3.8700,34.3660,0.292300,-12.6200,-3431.7090,-2253.5040,-27.6440,35.7986,-691.5729,4105.4922
1,60,holding,disp_hold,2.1000,2.0800,-3.8700,34.4550,0.292400,-12.0190,-3431.7090,-2254.4720,-27.0430,35.7986,-692.5409,4106.0218
1,60,holding,disp_hold,2.1000,2.0800,-3.8700,34.5436,0.291900,-12.0190,-3431.1080,-2253.5040,-27.0430,36.3996,-691.5729,4104.9880
1,60,holding,disp_hold,2.1000,2.0800,-3.8700,34.6319,0.291200,-13.2210,-3430.5070,-2253.5040,-28.2450,37.0006,-691.5729,4104.4894
1,60,holding,disp_hold,2.1000,2.0800,-3.8700,34.7202,0.291000,-12.6200,-3431.1080,-2254.4720,-27.6440,36.3996,-692.5409,4105.5213
1,60,holding,disp_hold,2.1000,2.0800,-3.8700,34.8088,0.290900,-13.2210,-3431.1080,-2253.5040,-28.2450,36.3996,-691.5729,4104.9917
1,60,holding,disp_hold,2.1000,2.0800,-3.8700,34.8965,0.291500,-12.6200,-3430.5070,-2253.5040,-27.6440,37.0006,-691.5729,4104.4875
1,60,holding,disp_hold,2.1000,2.0800,-3.8700,34.9856,0.291600,-12.6200,-3430.5070,-2255.4400,-27.6440,37.0006,-693.5089,4105.5508
1,60,holding,disp_hold,2.1000,2.0800,-3.8700,35.0741,0.290200,-12.0190,-3431.7090,-2253.5040,-27.0430,35.7986,-691.5729,4105.4904
1,60,holding,disp_hold,2.1000,2.0800,-3.8700,35.1624,0.289900,-12.6200,-3430.5070,-2252.5360,-27.6440,37.0006,-690.6049,4103.9561
1,60,holding,disp_hold,2.1000,2.0800,-3.8700,35.2503,0.289800,-13.2210,-3431.1080,-2255.4400,-28.2450,36.3996,-693.5089,4106.0549
1,60,holding,disp_hold,2.1000,2.0800,-3.8700,35.3390,0.290300,-12.0190,-3430.5070,-2253.5040,-27.0430,37.0006,-691.5729,4104.4857
1,60,holding,disp_hold,2.1000,2.0800,-3.8700,35.4276,0.293300,-12.6200,-3431.1080,-2252.5360,-27.6440,36.3996,-690.6049,4104.4585
1,60,holding,disp_hold,2.1000,2.0800,-3.8700,35.5159,0.292700,-12.0190,-3430.5070,-2253.5040,-27.0430,37.0006,-691.5729,4104.4857
1,60,holding,disp_hold,2.1000,2.0800,-3.8700,35.6043,0.292300,-13.2210,-3431.1080,-2253.5040,-28.2450,36.3996,-691.5729,4104.9917
1,60,holding,disp_hold,2.1000,2.0800,-3.8700,35.6928,0.291000,-12.6200,-3431.1080,-2254.4720,-27.6440,36.3996,-692.5409,4105.5213
1,60,holding,disp_hold,2.1000,2.0800,-3.8700,35.7811,0.294500,-12.6200,-3431.1080,-2254.4720,-27.6440,36.3996,-692.5409,4105.5213
1,60,holding,disp_hold,2.1000,2.0800,-3.8700,35.8694,0.292300,-12.6200,-3431.1080,-2254.4720,-27.6440,36.3996,-692.5409,4105.5213
1,60,holding,disp_hold,2.1000,2.0800,-3.8700,35.9579,0.292200,-12.6200,-3431.7090,-2255.4400,-27.6440,35.7986,-693.5089,4106.5552
1,60,holding,disp_hold,2.1000,2.0800,-3.8700,36.0461,0.292300,-12.6200,-3431.1080,-2253.5040,-27.6440,36.3996,-691.5729,4104.9898
1,60,holding,disp_hold,2.1000,2.0800,-3.8700,36.1347,0.292400,-12.6200,-3431.1080,-2254.4720,-27.6440,36.3996,-692.5409,4105.5213
1,60,holding,disp_hold,2.1000,2.0800,-3.8700,36.2226,0.290800,-13.8220,-3430.5070,-2254.4720,-28.8460,37.0006,-692.5409,4105.0229
1,60,holding,disp_hold,2.1000,2.0800,-3.8700,36.3115,0.289300,-12.0190,-3431.1080,-2254.4720,-27.0430,36.3996,-692.5409,4105.5195
1,60,holding,disp_hold,2.1000,2.0800,-3.8700,36.3999,0.290200,-12.6200,-3429.9060,-2253.5040,-27.6440,37.6016,-691.5729,4103.9852
1,60,holding,disp_hold,2.1000,2.0800,-3.8700,36.4873,0.291900,-12.0190,-3430.5070,-2254.4720,-27.0430,37.0006,-692.5409,4105.0173
1,60,holding,disp_hold,2.1000,2.0800,-3.8700,36.5767,0.293500,-12.6200,-3431.7090,-2253.5040,-27.6440,35.7986,-691.5729,4105.4922
1,60,holding,disp_hold,2.1000,2.0800,-3.8700,36.6651,0.291000,-12.0190,-3431.7090,-2253.5040,-27.0430,35.7986,-691.5729,4105.4904
1,60,holding,disp_hold,2.1000,2.0800,-3.8700,36.7536,0.292600,-12.0190,-3429.9060,-2254.4720,-27.0430,37.6016,-692.5409,4104.5150
1,60,holding,disp_hold,2.1000,2.0800,-3.8700,36.8411,0.291400,-12.0190,-3430.5070,-2253.5040,-27.0430,37.0006,-691.5729,4104.4857
1,60,holding,disp_hold,2.1000,2.0800,-3.8700,36.9294,0.291000,-12.6200,-3431.1080,-2253.5040,-27.6440,36.3996,-691.5729,4104.9898
1,60,holding,disp_hold,2.1000,2.0800,-3.8700,37.0179,0.291600,-12.0190,-3431.1080,-2253.5040,-27.0430,36.3996,-691.5729,4104.9880
1,60,holding,disp_hold,2.1000,2.0800,-3.8700,37.1063,0.291900,-13.2210,-3429.9060,-2253.5040,-28.2450,37.6016,-691.5729,4103.9871
1,60,holding,disp_hold,2.1000,2.0800,-3.8700,37.1946,0.291500,-12.6200,-3430.5070,-2253.5040,-27.6440,37.0006,-691.5729,4104.4875
1,60,holding,disp_hold,2.1000,2.0800,-3.8700,37.2831,0.292200,-12.6200,-3430.5070,-2253.5040,-27.6440,37.0006,-691.5729,4104.4875
1,60,holding,disp_hold,2.1000,2.0800,-3.8700,37.3713,0.291700,-12.6200,-3431.7090,-2254.4720,-27.6440,35.7986,-692.5409,4106.0236
1,60,holding,disp_hold,2.1000,2.0800,-3.8700,37.4599,0.290500,-12.0190,-3431.1080,-2253.5040,-27.0430,36.3996,-691.5729,4104.9880
1,60,holding,disp_hold,2.1000,2.0800,-3.8700,37.5483,0.292000,-12.0190,-3431.7090,-2253.5040,-27.0430,35.7986,-691.5729,4105.4904
1,60,holding,disp_hold,2.1000,2.0800,-3.8700,37.6367,0.292900,-12.0190,-3429.9060,-2253.5040,-27.0430,37.6016,-691.5729,4103.9834
1,60,holding,disp_hold,2.1000,2.0800,-3.8700,37.7252,0.290900,-12.6200,-3430.5070,-2253.5040,-27.6440,37.0006,-691.5729,4104.4875
1,60,holding,disp_hold,2.1000,2.0800,-3.8700,37.8133,0.290500,-12.6200,-3431.1080,-2253.5040,-27.6440,36.3996,-691.5729,4104.9898
1,60,holding,disp_hold,2.1000,2.0800,-3.8700,37.9019,0.290200,-12.6200,-3431.1080,-2253.5040,-27.6440,36.3996,-691.5729,4104.9898
1,60,holding,disp_hold,2.1000,2.0800,-3.8700,37.9903,0.292900,-12.6200,-3429.9060,-2253.5040,-27.6440,37.6016,-691.5729,4103.9852
1,60,holding,disp_hold,2.1000,2.0800,-3.8700,38.0784,0.293000,-12.0190,-3432.3090,-2253.5040,-27.0430,35.1986,-691.5729,4105.9919
1,60,holding,disp_hold,2.1000,2.0800,-3.8700,38.1672,0.292600,-12.6200,-3430.5070,-2254.4720,-27.6440,37.0006,-692.5409,4105.0191
1,60,holding,disp_hold,2.1000,2.0800,-3.8700,38.2556,0.289700,-12.0190,-3431.1080,-2253.5040,-27.0430,36.3996,-691.5729,4104.9880
1,60,holding,disp_hold,2.1000,2.0800,-3.8700,38.3439,0.289900,-12.6200,-3431.1080,-2253.5040,-27.6440,36.3996,-691.5729,4104.9898
1,60,holding,disp_hold,2.1000,2.0800,-3.8700,38.4324,0.291200,-12.6200,-3430.5070,-2253.5040,-27.6440,37.0006,-691.5729,4104.4875
1,60,holding,disp_hold,2.1000,2.0800,-3.8700,38.5204,0.294000,-12.6200,-3430.5070,-2254.4720,-27.6440,37.0006,-692.5409,4105.0191
1,60,holding,disp_hold,2.1000,2.0800,-3.8700,38.6090,0.291500,-12.6200,-3431.1080,-2253.5040,-27.6440,36.3996,-691.5729,4104.9898
1,60,holding,disp_hold,2.1000,2.0800,-3.8700,38.6975,0.290100,-12.0190,-3429.9060,-2253.5040,-27.0430,37.6016,-691.5729,4103.9834
1,60,holding,disp_hold,2.1000,2.0800,-3.8700,38.7859,0.289800,-12.6200,-3431.1080,-2254.4720,-27.6440,36.3996,-692.5409,4105.5213
1,60,holding,disp_hold,2.1000,2.0800,-3.8700,38.8743,0.290800,-12.6200,-3430.5070,-2253.5040,-27.6440,37.0006,-691.5729,4104.4875
1,60,holding,disp_hold,2.1000,2.0800,-3.8700,38.9630,0.289800,-12.6200,-3431.1080,-2253.5040,-27.6440,36.3996,-691.5729,4104.9898
1,60,holding,disp_hold,2.1000,2.0800,-3.8700,39.0510,0.289700,-13.2210,-3429.9060,-2253.5040,-28.2450,37.6016,-691.5729,4103.9871
1,60,holding,disp_hold,2.1000,2.0800,-3.8700,39.1394,0.291100,-12.0190,-3429.9060,-2254.4720,-27.0430,37.6016,-692.5409,4104.5150
1,60,holding,disp_hold,2.1000,2.0800,-3.8700,39.2278,0.291300,-12.0190,-3431.1080,-2253.5040,-27.0430,36.3996,-691.5729,4104.9880
1,60,holding,disp_hold,2.1000,2.0800,-3.8700,39.3163,0.289100,-12.6200,-3430.5070,-2254.4720,-27.6440,37.0006,-692.5409,4105.0191
1,60,holding,disp_hold,2.1000,2.0800,-3.8700,39.4045,0.289700,-12.0190,-3430.5070,-2253.5040,-27.0430,37.0006,-691.5729,4104.4857
1,60,holding,disp_hold,2.1000,2.0800,-3.8700,39.4930,0.290300,-13.2210,-3430.5070,-2253.5040,-28.2450,37.0006,-691.5729,4104.4894
1,60,holding,disp_hold,2.1000,2.0800,-3.8700,39.5813,0.291200,-11.4180,-3430.5070,-2254.4720,-26.4420,37.0006,-692.5409,4105.0155
1,60,holding,disp_hold,2.1000,2.0800,-3.8700,39.6701,0.290700,-12.6200,-3430.5070,-2252.5360,-27.6440,37.0006,-690.6049,4103.9561
1,60,holding,disp_hold,2.1000,2.0800,-3.8700,39.7584,0.290400,-12.6200,-3430.5070,-2253.5040,-27.6440,37.0006,-691.5729,4104.4875
1,60,holding,disp_hold,2.1000,2.0800,-3.8700,39.8467,0.290300,-12.0190,-3431.7090,-2254.4720,-27.0430,35.7986,-692.5409,4106.0218
1,60,holding,disp_hold,2.1000,2.0800,-3.8700,39.9350,0.292500,-11.4180,-3430.5070,-2252.5360,-26.4420,37.0006,-690.6049,4103.9526
1,60,holding,disp_hold,2.1000,2.0800,-3.8700,40.0233,0.295100,-11.4180,-3431.1080,-2253.5040,-26.4420,36.3996,-691.5729,4104.9863
1,60,holding,disp_hold,2.1000,2.0800,-3.8700,40.1121,0.294900,-12.6200,-3430.5070,-2253.5040,-27.6440,37.0006,-691.5729,4104.4875
1,60,holding,disp_hold,2.1000,2.0800,-3.8700,40.2003,0.290900,-12.6200,-3431.7090,-2254.4720,-27.6440,35.7986,-692.5409,4106.0236
1,60,holding,disp_hold,2.1000,2.0800,-3.8700,40.2884,0.290200,-12.0190,-3431.7090,-2253.5040,-27.0430,35.7986,-691.5729,4105.4904
1,60,holding,disp_hold,2.1000,2.0800,-3.8700,40.3769,0.291900,-12.0190,-3431.1080,-2253.5040,-27.0430,36.3996,-691.5729,4104.9880
1,60,holding,disp_hold,2.1000,2.0800,-3.8700,40.4653,0.292300,-12.0190,-3430.5070,-2253.5040,-27.0430,37.0006,-691.5729,4104.4857
1,60,holding,disp_hold,2.1000,2.0800,-3.8700,40.5538,0.290700,-12.6200,-3431.7090,-2253.5040,-27.6440,35.7986,-691.5729,4105.4922
1,60,holding,disp_hold,2.1000,2.0800,-3.8700,40.6420,0.290700,-12.6200,-3430.5070,-2254.4720,-27.6440,37.0006,-692.5409,4105.0191
1,60,holding,disp_hold,2.1000,2.0800,-3.8700,40.7303,0.290100,-12.6200,-3431.7090,-2254.4720,-27.6440,35.7986,-692.5409,4106.0236
1,60,holding,disp_hold,2.1000,2.0800,-3.8700,40.8189,0.291100,-12.6200,-3431.1080,-2253.5040,-27.6440,36.3996,-691.5729,4104.9898
1,60,holding,disp_hold,2.1000,2.0800,-3.8700,40.9073,0.290700,-12.6200,-3431.7090,-2253.5040,-27.6440,35.7986,-691.5729,4105.4922
1,60,holding,disp_hold,2.1000,2.0800,-3.8700,40.9962,0.292600,-12.0190,-3431.7090,-2252.5360,-27.0430,35.7986,-690.6049,4104.9591
1,60,holding,disp_hold,2.1000,2.0800,-3.8700,41.0841,0.290500,-12.0190,-3431.7090,-2253.5040,-27.0430,35.7986,-691.5729,4105.4904
1,60,holding,disp_hold,2.1000,2.0800,-3.8700,41.1724,0.289500,-12.0190,-3432.3090,-2254.4720,-27.0430,35.1986,-692.5409,4106.5233
1,60,holding,disp_hold,2.1000,2.0800,-3.8700,41.2608,0.290000,-12.6200,-3430.5070,-2253.5040,-27.6440,37.0006,-691.5729,4104.4875
1,60,holding,disp_hold,2.1000,2.0800,-3.8700,41.3494,0.290600,-12.6200,-3431.1080,-2251.5670,-27.6440,36.3996,-689.6359,4103.9268
1,60,holding,disp_hold,2.1000,2.0800,-3.8700,41.4377,0.291500,-12.6200,-3431.1080,-2252.5360,-27.6440,36.3996,-690.6049,4104.4585
1,60,holding,disp_hold,2.1000,2.0800,-3.8700,41.5262,0.290000,-12.0190,-3429.9060,-2254.4720,-27.0430,37.6016,-692.5409,4104.5150
1,60,holding,disp_hold,2.1000,2.0800,-3.8700,41.6144,0.291000,-13.8220,-3430.5070,-2254.4720,-28.8460,37.0006,-692.5409,4105.0229
1,60,holding,disp_hold,2.1000,2.0800,-3.8700,41.7029,0.290900,-11.4180,-3430.5070,-2252.5360,-26.4420,37.0006,-690.6049,4103.9526
1,60,holding,disp_hold,2.1000,2.0800,-3.8700,41.7912,0.288200,-12.6200,-3431.1080,-2253.5040,-27.6440,36.3996,-691.5729,4104.9898
1,60,holding,disp_hold,2.1000,2.0800,-3.8700,41.8798,0.289600,-13.2210,-3431.1080,-2253.5040,-28.2450,36.3996,-691.5729,4104.9917
1,60,holding,disp_hold,2.1000,2.0800,-3.8700,41.9682,0.291300,-12.0190,-3431.7090,-2253.5040,-27.0430,35.7986,-691.5729,4105.4904
1,60,holding,disp_hold,2.1000,2.0800,-3.8700,42.0565,0.292200,-12.6200,-3431.1080,-2252.5360,-27.6440,36.3996,-690.6049,4104.4585
1,60,holding,disp_hold,2.1000,2.0800,-3.8700,42.1450,0.289400,-12.0190,-3431.1080,-2253.5040,-27.0430,36.3996,-691.5729,4104.9880
1,60,holding,disp_hold,2.1000,2.0800,-3.8700,42.2332,0.290800,-12.6200,-3430.5070,-2253.5040,-27.6440,37.0006,-691.5729,4104.4875
1,60,holding,disp_hold,2.1000,2.0800,-3.8700,42.3217,0.289800,-12.6200,-3431.1080,-2254.4720,-27.6440,36.3996,-692.5409,4105.5213
1,60,holding,disp_hold,2.1000,2.0800,-3.8700,42.4102,0.288000,-12.6200,-3431.1080,-2254.4720,-27.6440,36.3996,-692.5409,4105.5213
1,60,holding,disp_hold,2.1000,2.0800,-3.8700,42.4985,0.290300,-12.6200,-3430.5070,-2253.5040,-27.6440,37.0006,-691.5729,4104.4875
1,60,holding,disp_hold,2.1000,2.0800,-3.8700,42.5876,0.291100,-12.6200,-3430.5070,-2253.5040,-27.6440,37.0006,-691.5729,4104.4875
1,60,holding,disp_hold,2.1000,2.0800,-3.8700,42.6754,0.290800,-12.0190,-3431.1080,-2254.4720,-27.0430,36.3996,-692.5409,4105.5195
1,60,holding,disp_hold,2.1000,2.0800,-3.8700,42.7637,0.290600,-12.0190,-3431.1080,-2253.5040,-27.0430,36.3996,-691.5729,4104.9880
1,60,holding,disp_hold,2.1000,2.0800,-3.8700,42.8522,0.290000,-12.0190,-3430.5070,-2253.5040,-27.0430,37.0006,-691.5729,4104.4857
1,60,holding,disp_hold,2.1000,2.0800,-3.8700,42.9404,0.290500,-13.2210,-3430.5070,-2254.4720,-28.2450,37.0006,-692.5409,4105.0210
1,60,holding,disp_hold,2.1000,2.0800,-3.8700,43.0294,0.291600,-13.8220,-3431.1080,-2253.5040,-28.8460,36.3996,-691.5729,4104.9937
1,60,holding,disp_hold,2.1000,2.0800,-3.8700,43.1173,0.290300,-12.6200,-3431.1080,-2253.5040,-27.6440,36.3996,-691.5729,4104.9898
1,60,holding,disp_hold,2.1000,2.0800,-3.8700,43.2057,0.290100,-12.6200,-3430.5070,-2253.5040,-27.6440,37.0006,-691.5729,4104.4875
1,60,holding,disp_hold,2.1000,2.0800,-3.8700,43.2943,0.290000,-12.6200,-3431.1080,-2253.5040,-27.6440,36.3996,-691.5729,4104.9898
1,60,holding,disp_hold,2.1000,2.0800,-3.8700,43.3823,0.290000,-12.6200,-3431.1080,-2252.5360,-27.6440,36.3996,-690.6049,4104.4585
1,60,holding,disp_hold,2.1000,2.0800,-3.8700,43.4708,0.289800,-12.6200,-3430.5070,-2253.5040,-27.6440,37.0006,-691.5729,4104.4875
1,60,holding,disp_hold,2.1000,2.0800,-3.8700,43.5592,0.289100,-12.0190,-3429.9060,-2252.5360,-27.0430,37.6016,-690.6049,4103.4520
1,60,holding,disp_hold,2.1000,2.0800,-3.8700,43.6474,0.290100,-12.6200,-3430.5070,-2252.5360,-27.6440,37.0006,-690.6049,4103.9561
1,60,holding,disp_hold,2.1000,2.0800,-3.8700,43.7360,0.290500,-12.0190,-3429.3040,-2254.4720,-27.0430,38.2036,-692.5409,4104.0120
1,60,holding,disp_hold,2.1000,2.0800,-3.8700,43.8243,0.290600,-12.6200,-3431.1080,-2253.5040,-27.6440,36.3996,-691.5729,4104.9898
1,60,holding,disp_hold,2.1000,2.0800,-3.8700,43.9128,0.293400,-13.2210,-3430.5070,-2252.5360,-28.2450,37.0006,-690.6049,4103.9580
1,60,holding,disp_hold,2.1000,2.0800,-3.8700,44.0015,0.290100,-12.6200,-3430.5070,-2252.5360,-27.6440,37.0006,-690.6049,4103.9561
1,60,holding,disp_hold,2.1000,2.0800,-3.8700,44.0894,0.288500,-12.6200,-3430.5070,-2252.5360,-27.6440,37.0006,-690.6049,4103.9561
1,60,holding,disp_hold,2.1000,2.0800,-3.8700,44.1780,0.290800,-12.6200,-3431.1080,-2254.4720,-27.6440,36.3996,-692.5409,4105.5213
1,60,holding,disp_hold,2.1000,2.0800,-3.8700,44.2669,0.291300,-12.6200,-3431.1080,-2253.5040,-27.6440,36.3996,-691.5729,4104.9898
1,60,holding,disp_hold,2.1000,2.0800,-3.8700,44.3554,0.289800,-12.6200,-3429.9060,-2252.5360,-27.6440,37.6016,-690.6049,4103.4538
1,60,holding,disp_hold,2.1000,2.0800,-3.8700,44.4433,0.288400,-13.2210,-3431.1080,-2252.5360,-28.2450,36.3996,-690.6049,4104.4604
1,60,holding,disp_hold,2.1000,2.0800,-3.8700,44.5314,0.288400,-12.0190,-3430.5070,-2252.5360,-27.0430,37.0006,-690.6049,4103.9543
1,60,holding,disp_hold,2.1000,2.0800,-3.8700,44.6200,0.290600,-12.0190,-3430.5070,-2252.5360,-27.0430,37.0006,-690.6049,4103.9543
1,60,holding,disp_hold,2.1000,2.0800,-3.8700,44.7091,0.288900,-12.0190,-3429.9060,-2252.5360,-27.0430,37.6016,-690.6049,4103.4520
1,60,holding,disp_hold,2.1000,2.0800,-3.8700,44.7968,0.289000,-12.0190,-3429.9060,-2253.5040,-27.0430,37.6016,-691.5729,4103.9834
1,60,holding,disp_hold,2.1000,2.0800,-3.8700,44.8852,0.289100,-12.6200,-3430.5070,-2254.4720,-27.6440,37.0006,-692.5409,4105.0191
1,60,holding,disp_hold,2.1000,2.0800,-3.8700,44.9736,0.289600,-12.6200,-3429.9060,-2252.5360,-27.6440,37.6016,-690.6049,4103.4538
