time_s,session_id,trial,repeat_id,pair_id,stage,state_label,phase,control_mode,path_mode,target_label,target,actual,F_target_N,F_N,F_error_N,d_preload_mm,d_actual_mm,d_mm,q_mm,mark10_pos_mm,t_rel_s,Bx_uT,By_uT,Bz_uT,mean_Bx_uT,mean_By_uT,mean_Bz_uT,delta_Bx_uT,delta_By_uT,delta_Bz_uT,Bmag_uT,sample_id,magnet_id,note
1780433274.213495,session_20260602_162739,2,2,1,Jplus,loading_target,holding,same_force_path_pair,direct_loading,180,1.80000,1.730100,1.80000,1.730100,-0.069900,nan,4.6800,4.6800,,-8.0900,0.0000,-2333.0810,12162.4370,2864.3120,-2333.0810,12162.4370,2864.3120,-1359.3028,6350.3829,838.4934,12711.1142,,,
1780433274.214506,session_20260602_162739,2,2,1,Jplus,loading_target,holding,same_force_path_pair,direct_loading,180,1.80000,1.725700,1.80000,1.725700,-0.074300,nan,4.6800,4.6800,,-8.0900,0.0005,-2334.2830,12179.2640,2868.1830,-2334.2830,12179.2640,2868.1830,-1360.5048,6367.2099,842.3644,12728.3079,,,
1780433274.214506,session_20260602_162739,2,2,1,Jplus,loading_target,holding,same_force_path_pair,direct_loading,180,1.80000,1.732000,1.80000,1.732000,-0.068000,nan,4.6800,4.6800,,-8.0900,0.0009,-2334.8840,12166.0420,2875.9280,-2334.8840,12166.0420,2875.9280,-1361.1058,6353.9879,850.1094,12717.5164,,,
1780433274.303053,session_20260602_162739,2,2,1,Jplus,loading_target,holding,same_force_path_pair,direct_loading,180,1.80000,1.718400,1.80000,1.718400,-0.081600,nan,4.6800,4.6800,,-8.0900,0.0015,-2336.0860,12170.8480,2868.1830,-2336.0860,12170.8480,2868.1830,-1362.3078,6358.7939,842.3644,12720.5862,,,
1780433274.391517,session_20260602_162739,2,2,1,Jplus,loading_target,holding,same_force_path_pair,direct_loading,180,1.80000,1.721700,1.80000,1.721700,-0.078300,nan,4.6800,4.6800,,-8.0900,0.0899,-2335.4850,12169.0450,2867.2160,-2335.4850,12169.0450,2867.2160,-1361.7068,6356.9909,841.3974,12718.5327,,,
1780433274.479057,session_20260602_162739,2,2,1,Jplus,loading_target,holding,same_force_path_pair,direct_loading,180,1.80000,1.726600,1.80000,1.726600,-0.073400,nan,4.6800,4.6800,,-8.0900,0.1782,-2336.6870,12158.8260,2867.2160,-2336.6870,12158.8260,2867.2160,-1362.9088,6346.7719,841.3974,12708.9765,,,
1780433274.567154,session_20260602_162739,2,2,1,Jplus,loading_target,holding,same_force_path_pair,direct_loading,180,1.80000,1.720200,1.80000,1.720200,-0.079800,nan,4.6800,4.6800,,-8.0900,0.2658,-2337.2880,12169.0450,2873.0230,-2337.2880,12169.0450,2873.0230,-1363.5098,6356.9909,847.2044,12720.1742,,,
1780433274.655721,session_20260602_162739,2,2,1,Jplus,loading_target,holding,same_force_path_pair,direct_loading,180,1.80000,1.718200,1.80000,1.718200,-0.081800,nan,4.6800,4.6800,,-8.0900,0.3540,-2336.0860,12163.0290,2872.0560,-2336.0860,12163.0290,2872.0560,-1362.3078,6350.9749,846.2374,12713.9796,,,
1780433274.743972,session_20260602_162739,2,2,1,Jplus,loading_target,holding,same_force_path_pair,direct_loading,180,1.80000,1.714500,1.80000,1.714500,-0.085500,nan,4.6800,4.6800,,-8.0900,0.4424,-2332.4800,12163.6320,2865.2810,-2332.4800,12163.6320,2865.2810,-1358.7018,6351.5779,839.4624,12712.3657,,,
1780433274.831694,session_20260602_162739,2,2,1,Jplus,loading_target,holding,same_force_path_pair,direct_loading,180,1.80000,1.717500,1.80000,1.717500,-0.082500,nan,4.6800,4.6800,,-8.0900,0.5305,-2331.8790,12178.6610,2870.1200,-2331.8790,12178.6610,2870.1200,-1358.1008,6366.6069,844.3014,12727.7269,,,
1780433274.920223,session_20260602_162739,2,2,1,Jplus,loading_target,holding,same_force_path_pair,direct_loading,180,1.80000,1.714800,1.80000,1.714800,-0.085200,nan,4.6800,4.6800,,-8.0900,0.6186,-2337.8890,12164.8370,2869.1520,-2337.8890,12164.8370,2869.1520,-1364.1108,6352.7829,843.3334,12715.3851,,,
1780433275.007565,session_20260602_162739,2,2,1,Jplus,loading_target,holding,same_force_path_pair,direct_loading,180,1.80000,1.712700,1.80000,1.712700,-0.087300,nan,4.6800,4.6800,,-8.0900,0.7071,-2333.0810,12160.6290,2876.8950,-2333.0810,12160.6290,2876.8950,-1359.3028,6348.5749,851.0764,12712.2260,,,
1780433275.095392,session_20260602_162739,2,2,1,Jplus,loading_target,holding,same_force_path_pair,direct_loading,180,1.80000,1.715300,1.80000,1.715300,-0.084700,nan,4.6800,4.6800,,-8.0900,0.7949,-2336.6870,12170.2500,2874.9600,-2336.6870,12170.2500,2874.9600,-1362.9088,6358.1959,849.1414,12721.6542,,,
1780433275.184050,session_20260602_162739,2,2,1,Jplus,loading_target,holding,same_force_path_pair,direct_loading,180,1.80000,1.727000,1.80000,1.727000,-0.073000,nan,4.6800,4.6800,,-8.0900,0.8828,-2337.2880,12173.2480,2870.1200,-2337.2880,12173.2480,2870.1200,-1363.5098,6361.1939,844.3014,12723.5400,,,
1780433275.272684,session_20260602_162739,2,2,1,Jplus,loading_target,holding,same_force_path_pair,direct_loading,180,1.80000,1.726300,1.80000,1.726300,-0.073700,nan,4.6800,4.6800,,-8.0900,0.9711,-2332.4800,12163.6320,2869.1520,-2332.4800,12163.6320,2869.1520,-1358.7018,6351.5779,843.3334,12713.2388,,,
1780433275.360675,session_20260602_162739,2,2,1,Jplus,loading_target,holding,same_force_path_pair,direct_loading,180,1.80000,1.727700,1.80000,1.727700,-0.072300,nan,4.6800,4.6800,,-8.0900,1.0593,-2332.4800,12166.0420,2873.9920,-2332.4800,12166.0420,2873.9920,-1358.7018,6353.9879,848.1734,12716.6376,,,
1780433275.448889,session_20260602_162739,2,2,1,Jplus,loading_target,holding,same_force_path_pair,direct_loading,180,1.80000,1.721400,1.80000,1.721400,-0.078600,nan,4.6800,4.6800,,-8.0900,1.1474,-2337.2880,12158.2290,2865.2810,-2337.2880,12158.2290,2865.2810,-1363.5098,6346.1749,839.4624,12708.0794,,,
1780433275.537354,session_20260602_162739,2,2,1,Jplus,loading_target,holding,same_force_path_pair,direct_loading,180,1.80000,1.716500,1.80000,1.716500,-0.083500,nan,4.6800,4.6800,,-8.0900,1.2357,-2334.2830,12166.6400,2865.2810,-2334.2830,12166.6400,2865.2810,-1360.5048,6354.5859,839.4624,12715.5747,,,
1780433275.624971,session_20260602_162739,2,2,1,Jplus,loading_target,holding,same_force_path_pair,direct_loading,180,1.80000,1.710700,1.80000,1.710700,-0.089300,nan,4.6800,4.6800,,-8.0900,1.3241,-2337.8890,12149.8130,2873.0230,-2337.8890,12149.8130,2873.0230,-1364.1108,6337.7589,847.2044,12701.8873,,,
1780433275.713214,session_20260602_162739,2,2,1,Jplus,loading_target,holding,same_force_path_pair,direct_loading,180,1.80000,1.716100,1.80000,1.716100,-0.083900,nan,4.6800,4.6800,,-8.0900,1.4118,-2331.2780,12168.4420,2872.0560,-2331.2780,12168.4420,2872.0560,-1357.4998,6356.3879,846.2374,12718.2760,,,
1780433275.801482,session_20260602_162739,2,2,1,Jplus,loading_target,holding,same_force_path_pair,direct_loading,180,1.80000,1.724000,1.80000,1.724000,-0.076000,nan,4.6800,4.6800,,-8.0900,1.4999,-2336.0860,12155.8230,2873.9920,-2336.0860,12155.8230,2873.9920,-1362.3078,6343.7689,848.1734,12707.5238,,,
1780433275.889546,session_20260602_162739,2,2,1,Jplus,loading_target,holding,same_force_path_pair,direct_loading,180,1.80000,1.727700,1.80000,1.727700,-0.072300,nan,4.6800,4.6800,,-8.0900,1.5883,-2334.2830,12166.6400,2871.0880,-2334.2830,12166.6400,2871.0880,-1360.5048,6354.5859,845.2694,12716.8845,,,
1780433275.978230,session_20260602_162739,2,2,1,Jplus,loading_target,holding,same_force_path_pair,direct_loading,180,1.80000,1.717800,1.80000,1.717800,-0.082200,nan,4.6800,4.6800,,-8.0900,1.6765,-2338.4900,12166.0420,2862.3760,-2338.4900,12166.0420,2862.3760,-1364.7118,6353.9879,836.5574,12715.1213,,,
1780433276.065876,session_20260602_162739,2,2,1,Jplus,loading_target,holding,same_force_path_pair,direct_loading,180,1.80000,1.722100,1.80000,1.722100,-0.077900,nan,4.6800,4.6800,,-8.0900,1.7647,-2334.8840,12175.6530,2872.0560,-2334.8840,12175.6530,2872.0560,-1361.1058,6363.5989,846.2374,12725.8365,,,
1780433276.154289,session_20260602_162739,2,2,1,Jplus,loading_target,holding,same_force_path_pair,direct_loading,180,1.80000,1.710300,1.80000,1.710300,-0.089700,nan,4.6800,4.6800,,-8.0900,1.8530,-2337.2880,12165.4390,2875.9280,-2337.2880,12165.4390,2875.9280,-1363.5098,6353.3849,850.1094,12717.3811,,,
1780433276.242226,session_20260602_162739,2,2,1,Jplus,loading_target,holding,same_force_path_pair,direct_loading,180,1.80000,1.712100,1.80000,1.712100,-0.087900,nan,4.6800,4.6800,,-8.0900,1.9408,-2331.8790,12170.8480,2862.3760,-2331.8790,12170.8480,2862.3760,-1358.1008,6358.7939,836.5574,12718.5061,,,
1780433276.330176,session_20260602_162739,2,2,1,Jplus,loading_target,holding,same_force_path_pair,direct_loading,180,1.80000,1.718800,1.80000,1.718800,-0.081200,nan,4.6800,4.6800,,-8.0900,2.0288,-2335.4850,12157.0240,2866.2480,-2335.4850,12157.0240,2866.2480,-1361.7068,6344.9699,840.4294,12706.8131,,,
1780433276.418376,session_20260602_162739,2,2,1,Jplus,loading_target,holding,same_force_path_pair,direct_loading,180,1.80000,1.726700,1.80000,1.726700,-0.073300,nan,4.6800,4.6800,,-8.0900,2.1173,-2335.4850,12168.4420,2863.3430,-2335.4850,12168.4420,2863.3430,-1361.7068,6356.3879,837.5244,12717.0832,,,
1780433276.506972,session_20260602_162739,2,2,1,Jplus,loading_target,holding,same_force_path_pair,direct_loading,180,1.80000,1.724000,1.80000,1.724000,-0.076000,nan,4.6800,4.6800,,-8.0900,2.2053,-2332.4800,12169.0450,2863.3430,-2332.4800,12169.0450,2863.3430,-1358.7018,6356.9909,837.5244,12717.1086,,,
1780433276.595230,session_20260602_162739,2,2,1,Jplus,loading_target,holding,same_force_path_pair,direct_loading,180,1.80000,1.715100,1.80000,1.715100,-0.084900,nan,4.6800,4.6800,,-8.0900,2.2935,-2331.2780,12168.4420,2874.9600,-2331.2780,12168.4420,2874.9600,-1357.4998,6356.3879,849.1414,12718.9321,,,
1780433276.683230,session_20260602_162739,2,2,1,Jplus,loading_target,holding,same_force_path_pair,direct_loading,180,1.80000,1.720300,1.80000,1.720300,-0.079700,nan,4.6800,4.6800,,-8.0900,2.3821,-2335.4850,12159.4240,2871.0880,-2335.4850,12159.4240,2871.0880,-1361.7068,6347.3699,845.2694,12710.2017,,,
1780433276.771119,session_20260602_162739,2,2,1,Jplus,loading_target,holding,same_force_path_pair,direct_loading,180,1.80000,1.714700,1.80000,1.714700,-0.085300,nan,4.6800,4.6800,,-8.0900,2.4699,-2325.2680,12161.8340,2871.0880,-2325.2680,12161.8340,2871.0880,-1351.4898,6349.7799,845.2694,12710.6343,,,
1780433276.859176,session_20260602_162739,2,2,1,Jplus,loading_target,holding,same_force_path_pair,direct_loading,180,1.80000,1.714600,1.80000,1.714600,-0.085400,nan,4.6800,4.6800,,-8.0900,2.5578,-2331.8790,12151.6150,2863.3430,-2331.8790,12151.6150,2863.3430,-1358.1008,6339.5609,837.5244,12700.3205,,,
1780433276.947716,session_20260602_162739,2,2,1,Jplus,loading_target,holding,same_force_path_pair,direct_loading,180,1.80000,1.718800,1.80000,1.718800,-0.081200,nan,4.6800,4.6800,,-8.0900,2.6463,-2333.0810,12173.2480,2862.3760,-2333.0810,12173.2480,2862.3760,-1359.3028,6361.1939,836.5574,12721.0232,,,
1780433277.036144,session_20260602_162739,2,2,1,Jplus,loading_target,holding,same_force_path_pair,direct_loading,180,1.80000,1.721500,1.80000,1.721500,-0.078500,nan,4.6800,4.6800,,-8.0900,2.7342,-2330.6770,12169.6470,2859.4720,-2330.6770,12169.6470,2859.4720,-1356.8988,6357.5929,833.6534,12716.4831,,,
1780433277.123809,session_20260602_162739,2,2,1,Jplus,loading_target,holding,same_force_path_pair,direct_loading,180,1.80000,1.716100,1.80000,1.716100,-0.083900,nan,4.6800,4.6800,,-8.0900,2.8228,-2334.8840,12156.4210,2875.9280,-2334.8840,12156.4210,2875.9280,-1361.1058,6344.3669,850.1094,12708.3129,,,
1780433277.212462,session_20260602_162739,2,2,1,Jplus,loading_target,holding,same_force_path_pair,direct_loading,180,1.80000,1.714500,1.80000,1.714500,-0.085500,nan,4.6800,4.6800,,-8.0900,2.9106,-2337.2880,12158.8260,2869.1520,-2337.2880,12158.8260,2869.1520,-1363.5098,6346.7719,843.3334,12709.5239,,,
1780433277.299698,session_20260602_162739,2,2,1,Jplus,loading_target,holding,same_force_path_pair,direct_loading,180,1.80000,1.715800,1.80000,1.715800,-0.084200,nan,4.6800,4.6800,,-8.0900,2.9990,-2337.8890,12149.8130,2862.3760,-2337.8890,12149.8130,2862.3760,-1364.1108,6337.7589,836.5574,12699.4833,,,
1780433277.388222,session_20260602_162739,2,2,1,Jplus,loading_target,holding,same_force_path_pair,direct_loading,180,1.80000,1.725700,1.80000,1.725700,-0.074300,nan,4.6800,4.6800,,-8.0900,3.0868,-2337.2880,12164.2340,2867.2160,-2337.2880,12164.2340,2867.2160,-1363.5098,6352.1799,841.3974,12714.2610,,,
1780433277.476199,session_20260602_162739,2,2,1,Jplus,loading_target,holding,same_force_path_pair,direct_loading,180,1.80000,1.721100,1.80000,1.721100,-0.078900,nan,4.6800,4.6800,,-8.0900,3.1748,-2328.8740,12183.4710,2869.1520,-2328.8740,12183.4710,2869.1520,-1355.0958,6371.4169,843.3334,12731.5613,,,
1780433277.564573,session_20260602_162739,2,2,1,Jplus,loading_target,holding,same_force_path_pair,direct_loading,180,1.80000,1.719600,1.80000,1.719600,-0.080400,nan,4.6800,4.6800,,-8.0900,3.2632,-2338.4900,12160.0310,2864.3120,-2338.4900,12160.0310,2864.3120,-1364.7118,6347.9769,838.4934,12709.8062,,,
1780433277.652436,session_20260602_162739,2,2,1,Jplus,loading_target,holding,same_force_path_pair,direct_loading,180,1.80000,1.713800,1.80000,1.713800,-0.086200,nan,4.6800,4.6800,,-8.0900,3.3513,-2331.8790,12170.2500,2871.0880,-2331.8790,12170.2500,2871.0880,-1358.1008,6358.1959,845.2694,12719.8974,,,
1780433277.740874,session_20260602_162739,2,2,1,Jplus,loading_target,holding,same_force_path_pair,direct_loading,180,1.80000,1.713800,1.80000,1.713800,-0.086200,nan,4.6800,4.6800,,-8.0900,3.4395,-2342.0960,12168.4420,2873.0230,-2342.0960,12168.4420,2873.0230,-1368.3178,6356.3879,847.2044,12720.4817,,,
1780433277.829122,session_20260602_162739,2,2,1,Jplus,loading_target,holding,same_force_path_pair,direct_loading,180,1.80000,1.719100,1.80000,1.719100,-0.080900,nan,4.6800,4.6800,,-8.0900,3.5280,-2339.0910,12165.4390,2870.1200,-2339.0910,12165.4390,2870.1200,-1365.3128,6353.3849,844.3014,12716.4005,,,
1780433277.917026,session_20260602_162739,2,2,1,Jplus,loading_target,holding,same_force_path_pair,direct_loading,180,1.80000,1.722700,1.80000,1.722700,-0.077300,nan,4.6800,4.6800,,-8.0900,3.6157,-2336.0860,12161.2320,2865.2810,-2336.0860,12161.2320,2865.2810,-1362.3078,6349.1779,839.4624,12710.7316,,,
1780433278.005169,session_20260602_162739,2,2,1,Jplus,loading_target,holding,same_force_path_pair,direct_loading,180,1.80000,1.715100,1.80000,1.715100,-0.084900,nan,4.6800,4.6800,,-8.0900,3.7038,-2335.4850,12164.8370,2876.8950,-2335.4850,12164.8370,2876.8950,-1361.7068,6352.7829,851.0764,12716.6927,,,
1780433278.092993,session_20260602_162739,2,2,1,Jplus,loading_target,holding,same_force_path_pair,direct_loading,180,1.80000,1.724900,1.80000,1.724900,-0.075100,nan,4.6800,4.6800,,-8.0900,3.7919,-2330.6770,12167.8400,2878.8320,-2330.6770,12167.8400,2878.8320,-1356.8988,6355.7859,853.0134,12719.1218,,,
1780433278.181683,session_20260602_162739,2,2,1,Jplus,loading_target,holding,same_force_path_pair,direct_loading,180,1.80000,1.719600,1.80000,1.719600,-0.080400,nan,4.6800,4.6800,,-8.0900,3.8803,-2341.4950,12176.2550,2878.8320,-2341.4950,12176.2550,2878.8320,-1367.7168,6364.2009,853.0134,12729.1578,,,
1780433278.270091,session_20260602_162739,2,2,1,Jplus,loading_target,holding,same_force_path_pair,direct_loading,180,1.80000,1.720600,1.80000,1.720600,-0.079400,nan,4.6800,4.6800,,-8.0900,3.9684,-2336.0860,12164.2340,2873.0230,-2336.0860,12164.2340,2873.0230,-1362.3078,6352.1799,847.2044,12715.3509,,,
1780433278.358424,session_20260602_162739,2,2,1,Jplus,loading_target,holding,same_force_path_pair,direct_loading,180,1.80000,1.721800,1.80000,1.721800,-0.078200,nan,4.6800,4.6800,,-8.0900,4.0566,-2332.4800,12157.0240,2873.9920,-2332.4800,12157.0240,2873.9920,-1358.7018,6344.9699,848.1734,12708.0103,,,
1780433278.446135,session_20260602_162739,2,2,1,Jplus,loading_target,holding,same_force_path_pair,direct_loading,180,1.80000,1.713700,1.80000,1.713700,-0.086300,nan,4.6800,4.6800,,-8.0900,4.1449,-2337.2880,12154.6240,2867.2160,-2337.2880,12154.6240,2867.2160,-1363.5098,6342.5699,841.3974,12705.0670,,,
1780433278.534415,session_20260602_162739,2,2,1,Jplus,loading_target,holding,same_force_path_pair,direct_loading,180,1.80000,1.713200,1.80000,1.713200,-0.086800,nan,4.6800,4.6800,,-8.0900,4.2328,-2331.8790,12169.6470,2873.9920,-2331.8790,12169.6470,2873.9920,-1358.1008,6357.5929,848.1734,12719.9763,,,
1780433278.622773,session_20260602_162739,2,2,1,Jplus,loading_target,holding,same_force_path_pair,direct_loading,180,1.80000,1.718700,1.80000,1.718700,-0.081300,nan,4.6800,4.6800,,-8.0900,4.3210,-2332.4800,12154.6240,2863.3430,-2332.4800,12154.6240,2863.3430,-1358.7018,6342.5699,837.5244,12703.3098,,,
1780433278.710468,session_20260602_162739,2,2,1,Jplus,loading_target,holding,same_force_path_pair,direct_loading,180,1.80000,1.714500,1.80000,1.714500,-0.085500,nan,4.6800,4.6800,,-8.0900,4.4093,-2336.0860,12155.2160,2871.0880,-2336.0860,12155.2160,2871.0880,-1362.3078,6343.1619,845.2694,12706.2866,,,
1780433278.798781,session_20260602_162739,2,2,1,Jplus,loading_target,holding,same_force_path_pair,direct_loading,180,1.80000,1.716600,1.80000,1.716600,-0.083400,nan,4.6800,4.6800,,-8.0900,4.4974,-2336.0860,12157.0240,2873.0230,-2336.0860,12157.0240,2873.0230,-1362.3078,6344.9699,847.2044,12708.4535,,,
1780433278.887073,session_20260602_162739,2,2,1,Jplus,loading_target,holding,same_force_path_pair,direct_loading,180,1.80000,1.718900,1.80000,1.718900,-0.081100,nan,4.6800,4.6800,,-8.0900,4.5857,-2336.6870,12160.0310,2862.3760,-2336.6870,12160.0310,2862.3760,-1362.9088,6347.9769,836.5574,12709.0384,,,
1780433278.974815,session_20260602_162739,2,2,1,Jplus,loading_target,holding,same_force_path_pair,direct_loading,180,1.80000,1.718500,1.80000,1.718500,-0.081500,nan,4.6800,4.6800,,-8.0900,4.6740,-2334.2830,12160.0310,2869.1520,-2334.2830,12160.0310,2869.1520,-1360.5048,6347.9769,843.3334,12710.1245,,,
1780433279.063020,session_20260602_162739,2,2,1,Jplus,loading_target,holding,same_force_path_pair,direct_loading,180,1.80000,1.708200,1.80000,1.708200,-0.091800,nan,4.6800,4.6800,,-8.0900,4.7619,-2334.8840,12152.8160,2862.3760,-2334.8840,12152.8160,2862.3760,-1361.1058,6340.7619,836.5574,12701.8037,,,
1780433279.151345,session_20260602_162739,2,2,1,Jplus,loading_target,holding,same_force_path_pair,direct_loading,180,1.80000,1.698000,1.80000,1.698000,-0.102000,nan,4.6800,4.6800,,-8.0900,4.8498,-2338.4900,12157.0240,2868.1830,-2338.4900,12157.0240,2868.1830,-1364.7118,6344.9699,842.3644,12707.8024,,,
1780433279.239542,session_20260602_162739,2,2,1,Jplus,loading_target,holding,same_force_path_pair,direct_loading,180,1.80000,1.710000,1.80000,1.710000,-0.090000,nan,4.6800,4.6800,,-8.0900,4.9381,-2331.2780,12164.2340,2877.8640,-2331.2780,12164.2340,2877.8640,-1357.4998,6352.1799,852.0454,12715.5632,,,
1780433279.327686,session_20260602_162739,2,2,1,Jplus,loading_target,holding,same_force_path_pair,direct_loading,180,1.80000,1.717000,1.80000,1.717000,-0.083000,nan,4.6800,4.6800,,-8.0900,5.0264,-2336.6870,12154.6240,2873.0230,-2336.6870,12154.6240,2873.0230,-1362.9088,6342.5699,847.2044,12706.2682,,,
1780433279.415851,session_20260602_162739,2,2,1,Jplus,loading_target,holding,same_force_path_pair,direct_loading,180,1.80000,1.716600,1.80000,1.716600,-0.083400,nan,4.6800,4.6800,,-8.0900,5.1145,-2333.0810,12170.2500,2870.1200,-2333.0810,12170.2500,2870.1200,-1359.3028,6358.1959,844.3014,12719.8994,,,
1780433279.503426,session_20260602_162739,2,2,1,Jplus,loading_target,holding,same_force_path_pair,direct_loading,180,1.80000,1.713400,1.80000,1.713400,-0.086600,nan,4.6800,4.6800,,-8.0900,5.2029,-2334.2830,12164.8370,2863.3430,-2334.2830,12164.8370,2863.3430,-1360.5048,6352.7829,837.5244,12713.4130,,,
1780433279.591495,session_20260602_162739,2,2,1,Jplus,loading_target,holding,same_force_path_pair,direct_loading,180,1.80000,1.709300,1.80000,1.709300,-0.090700,nan,4.6800,4.6800,,-8.0900,5.2908,-2333.0810,12153.4230,2867.2160,-2333.0810,12153.4230,2867.2160,-1359.3028,6341.3689,841.3974,12703.1447,,,
1780433279.680184,session_20260602_162739,2,2,1,Jplus,loading_target,holding,same_force_path_pair,direct_loading,180,1.80000,1.710700,1.80000,1.710700,-0.089300,nan,4.6800,4.6800,,-8.0900,5.3788,-2338.4900,12166.0420,2867.2160,-2338.4900,12166.0420,2867.2160,-1364.7118,6353.9879,841.3974,12716.2117,,,
1780433279.768483,session_20260602_162739,2,2,1,Jplus,loading_target,holding,same_force_path_pair,direct_loading,180,1.80000,1.715700,1.80000,1.715700,-0.084300,nan,4.6800,4.6800,,-8.0900,5.4670,-2329.4750,12159.4240,2863.3430,-2329.4750,12159.4240,2863.3430,-1355.6968,6347.3699,837.5244,12707.3514,,,
1780433279.856637,session_20260602_162739,2,2,1,Jplus,loading_target,holding,same_force_path_pair,direct_loading,180,1.80000,1.712500,1.80000,1.712500,-0.087500,nan,4.6800,4.6800,,-8.0900,5.5553,-2328.8740,12151.6150,2873.0230,-2328.8740,12151.6150,2873.0230,-1355.0958,6339.5609,847.2044,12701.9551,,,
1780433279.945050,session_20260602_162739,2,2,1,Jplus,loading_target,holding,same_force_path_pair,direct_loading,180,1.80000,1.708200,1.80000,1.708200,-0.091800,nan,4.6800,4.6800,,-8.0900,5.6434,-2336.0860,12157.0240,2872.0560,-2336.0860,12157.0240,2872.0560,-1362.3078,6344.9699,846.2374,12708.2350,,,
1780433280.032573,session_20260602_162739,2,2,1,Jplus,loading_target,holding,same_force_path_pair,direct_loading,180,1.80000,1.710000,1.80000,1.710000,-0.090000,nan,4.6800,4.6800,,-8.0900,5.7315,-2333.6820,12165.4390,2867.2160,-2333.6820,12165.4390,2867.2160,-1359.9038,6353.3849,841.3974,12714.7515,,,
1780433280.121023,session_20260602_162739,2,2,1,Jplus,loading_target,holding,same_force_path_pair,direct_loading,180,1.80000,1.718100,1.80000,1.718100,-0.081900,nan,4.6800,4.6800,,-8.0900,5.8198,-2335.4850,12169.0450,2861.4080,-2335.4850,12169.0450,2861.4080,-1361.7068,6356.9909,835.5894,12717.2246,,,
1780433280.209101,session_20260602_162739,2,2,1,Jplus,loading_target,holding,same_force_path_pair,direct_loading,180,1.80000,1.713900,1.80000,1.713900,-0.086100,nan,4.6800,4.6800,,-8.0900,5.9078,-2331.8790,12173.8550,2866.2480,-2331.8790,12173.8550,2866.2480,-1358.1008,6361.8009,840.4294,12722.2554,,,
1780433280.296833,session_20260602_162739,2,2,1,Jplus,loading_target,holding,same_force_path_pair,direct_loading,180,1.80000,1.709200,1.80000,1.709200,-0.090800,nan,4.6800,4.6800,,-8.0900,5.9958,-2333.0810,12158.8260,2864.3120,-2333.0810,12158.8260,2864.3120,-1359.3028,6346.7719,838.4934,12707.6591,,,
1780433280.385339,session_20260602_162739,2,2,1,Jplus,loading_target,holding,same_force_path_pair,direct_loading,180,1.80000,1.701600,1.80000,1.701600,-0.098400,nan,4.6800,4.6800,,-8.0900,6.0842,-2327.0710,12151.0130,2868.1830,-2327.0710,12151.0130,2868.1830,-1353.2928,6338.9589,842.3644,12699.9547,,,
1780433280.473128,session_20260602_162739,2,2,1,Jplus,loading_target,holding,same_force_path_pair,direct_loading,180,1.80000,1.706000,1.80000,1.706000,-0.094000,nan,4.6800,4.6800,,-8.0900,6.1726,-2339.0910,12159.4240,2873.0230,-2339.0910,12159.4240,2873.0230,-1365.3128,6347.3699,847.2044,12711.3021,,,
1780433280.561868,session_20260602_162739,2,2,1,Jplus,loading_target,holding,same_force_path_pair,direct_loading,180,1.80000,1.709500,1.80000,1.709500,-0.090500,nan,4.6800,4.6800,,-8.0900,6.2604,-2335.4850,12161.2320,2868.1830,-2335.4850,12161.2320,2868.1830,-1361.7068,6349.1779,842.3644,12711.2756,,,
1780433280.649927,session_20260602_162739,2,2,1,Jplus,loading_target,holding,same_force_path_pair,direct_loading,180,1.80000,1.712200,1.80000,1.712200,-0.087800,nan,4.6800,4.6800,,-8.0900,6.3490,-2337.2880,12175.0560,2861.4080,-2337.2880,12175.0560,2861.4080,-1363.5098,6363.0019,835.5894,12723.3077,,,
1780433280.738034,session_20260602_162739,2,2,1,Jplus,loading_target,holding,same_force_path_pair,direct_loading,180,1.80000,1.714200,1.80000,1.714200,-0.085800,nan,4.6800,4.6800,,-8.0900,6.4368,-2333.0810,12165.4390,2867.2160,-2333.0810,12165.4390,2867.2160,-1359.3028,6353.3849,841.3974,12714.6412,,,
1780433280.826055,session_20260602_162739,2,2,1,Jplus,loading_target,holding,same_force_path_pair,direct_loading,180,1.80000,1.713100,1.80000,1.713100,-0.086900,nan,4.6800,4.6800,,-8.0900,6.5248,-2334.8840,12148.6080,2866.2480,-2334.8840,12148.6080,2866.2480,-1361.1058,6336.5539,840.4294,12698.6510,,,
1780433280.914516,session_20260602_162739,2,2,1,Jplus,loading_target,holding,same_force_path_pair,direct_loading,180,1.80000,1.711400,1.80000,1.711400,-0.088600,nan,4.6800,4.6800,,-8.0900,6.6130,-2332.4800,12173.2480,2867.2160,-2332.4800,12173.2480,2867.2160,-1358.7018,6361.1939,841.3974,12722.0029,,,
1780433281.002373,session_20260602_162739,2,2,1,Jplus,loading_target,holding,same_force_path_pair,direct_loading,180,1.80000,1.709500,1.80000,1.709500,-0.090500,nan,4.6800,4.6800,,-8.0900,6.7012,-2331.2780,12160.0310,2859.4720,-2331.2780,12160.0310,2859.4720,-1357.4998,6347.9769,833.6534,12707.3912,,,
1780433281.091086,session_20260602_162739,2,2,1,Jplus,loading_target,holding,same_force_path_pair,direct_loading,180,1.80000,1.712300,1.80000,1.712300,-0.087700,nan,4.6800,4.6800,,-8.0900,6.7894,-2337.2880,12160.6290,2862.3760,-2337.2880,12160.6290,2862.3760,-1363.5098,6348.5749,836.5574,12709.7211,,,
1780433281.178468,session_20260602_162739,2,2,1,Jplus,loading_target,holding,same_force_path_pair,direct_loading,180,1.80000,1.704600,1.80000,1.704600,-0.095400,nan,4.6800,4.6800,,-8.0900,6.8780,-2337.8890,12173.2480,2865.2810,-2337.8890,12173.2480,2865.2810,-1364.1108,6361.1939,839.4624,12722.5598,,,
1780433281.266711,session_20260602_162739,2,2,1,Jplus,loading_target,holding,same_force_path_pair,direct_loading,180,1.80000,1.709600,1.80000,1.709600,-0.090400,nan,4.6800,4.6800,,-8.0900,6.9657,-2328.8740,12163.6320,2872.0560,-2328.8740,12163.6320,2872.0560,-1355.0958,6351.5779,846.2374,12713.2334,,,
1780433281.355327,session_20260602_162739,2,2,1,Jplus,loading_target,holding,same_force_path_pair,direct_loading,180,1.80000,1.712100,1.80000,1.712100,-0.087900,nan,4.6800,4.6800,,-8.0900,7.0538,-2335.4850,12184.0640,2864.3120,-2335.4850,12184.0640,2864.3120,-1361.7068,6372.0099,838.4934,12732.2500,,,
1780433281.442884,session_20260602_162739,2,2,1,Jplus,loading_target,holding,same_force_path_pair,direct_loading,180,1.80000,1.720400,1.80000,1.720400,-0.079600,nan,4.6800,4.6800,,-8.0900,7.1419,-2331.2780,12152.8160,2874.9600,-2331.2780,12152.8160,2874.9600,-1357.4998,6340.7619,849.1414,12703.9832,,,
1780433281.531447,session_20260602_162739,2,2,1,Jplus,loading_target,holding,same_force_path_pair,direct_loading,180,1.80000,1.714200,1.80000,1.714200,-0.085800,nan,4.6800,4.6800,,-8.0900,7.2302,-2335.4850,12155.8230,2869.1520,-2335.4850,12155.8230,2869.1520,-1361.7068,6343.7689,843.3334,12706.3195,,,
1780433281.619853,session_20260602_162739,2,2,1,Jplus,loading_target,holding,same_force_path_pair,direct_loading,180,1.80000,1.703800,1.80000,1.703800,-0.096200,nan,4.6800,4.6800,,-8.0900,7.3184,-2330.6770,12164.2340,2871.0880,-2330.6770,12164.2340,2871.0880,-1356.8988,6352.1799,845.2694,12713.9211,,,
1780433281.708092,session_20260602_162739,2,2,1,Jplus,loading_target,holding,same_force_path_pair,direct_loading,180,1.80000,1.708200,1.80000,1.708200,-0.091800,nan,4.6800,4.6800,,-8.0900,7.4065,-2336.6870,12152.8160,2874.9600,-2336.6870,12152.8160,2874.9600,-1362.9088,6340.7619,849.1414,12704.9769,,,
1780433281.796190,session_20260602_162739,2,2,1,Jplus,loading_target,holding,same_force_path_pair,direct_loading,180,1.80000,1.702000,1.80000,1.702000,-0.098000,nan,4.6800,4.6800,,-8.0900,7.4950,-2330.6770,12146.2080,2863.3430,-2330.6770,12146.2080,2863.3430,-1356.8988,6334.1539,837.5244,12694.9264,,,
1780433281.883745,session_20260602_162739,2,2,1,Jplus,loading_target,holding,same_force_path_pair,direct_loading,180,1.80000,1.711800,1.80000,1.711800,-0.088200,nan,4.6800,4.6800,,-8.0900,7.5828,-2333.0810,12161.2320,2868.1830,-2333.0810,12161.2320,2868.1830,-1359.3028,6349.1779,842.3644,12710.8341,,,
1780433281.972178,session_20260602_162739,2,2,1,Jplus,loading_target,holding,same_force_path_pair,direct_loading,180,1.80000,1.704800,1.80000,1.704800,-0.095200,nan,4.6800,4.6800,,-8.0900,7.6708,-2330.6770,12166.6400,2863.3430,-2330.6770,12166.6400,2863.3430,-1356.8988,6354.5859,837.5244,12714.4767,,,
1780433282.060460,session_20260602_162739,2,2,1,Jplus,loading_target,holding,same_force_path_pair,direct_loading,180,1.80000,1.695800,1.80000,1.695800,-0.104200,nan,4.6800,4.6800,,-8.0900,7.7589,-2335.4850,12160.6290,2867.2160,-2335.4850,12160.6290,2867.2160,-1361.7068,6348.5749,841.3974,12710.4805,,,
1780433282.148660,session_20260602_162739,2,2,1,Jplus,loading_target,holding,same_force_path_pair,direct_loading,180,1.80000,1.700000,1.80000,1.700000,-0.100000,nan,4.6800,4.6800,,-8.0900,7.8473,-2331.8790,12161.8340,2870.1200,-2331.8790,12161.8340,2870.1200,-1358.1008,6349.7799,844.3014,12711.6268,,,
1780433282.237230,session_20260602_162739,2,2,1,Jplus,loading_target,holding,same_force_path_pair,direct_loading,180,1.80000,1.710100,1.80000,1.710100,-0.089900,nan,4.6800,4.6800,,-8.0900,7.9354,-2325.2680,12163.0290,2856.5670,-2325.2680,12163.0290,2856.5670,-1351.4898,6350.9749,830.7484,12708.5058,,,
1780433282.325028,session_20260602_162739,2,2,1,Jplus,loading_target,holding,same_force_path_pair,direct_loading,180,1.80000,1.716600,1.80000,1.716600,-0.083400,nan,4.6800,4.6800,,-8.0900,8.0239,-2335.4850,12161.8340,2868.1830,-2335.4850,12161.8340,2868.1830,-1361.7068,6349.7799,842.3644,12711.8516,,,
1780433282.413587,session_20260602_162739,2,2,1,Jplus,loading_target,holding,same_force_path_pair,direct_loading,180,1.80000,1.709200,1.80000,1.709200,-0.090800,nan,4.6800,4.6800,,-8.0900,8.1117,-2334.2830,12162.4370,2866.2480,-2334.2830,12162.4370,2866.2480,-1360.5048,6350.3829,840.4294,12711.7713,,,
1780433282.500802,session_20260602_162739,2,2,1,Jplus,loading_target,holding,same_force_path_pair,direct_loading,180,1.80000,1.712000,1.80000,1.712000,-0.088000,nan,4.6800,4.6800,,-8.0900,8.2000,-2333.0810,12158.2290,2866.2480,-2333.0810,12158.2290,2866.2480,-1359.3028,6346.1749,840.4294,12707.5244,,,
1780433282.589476,session_20260602_162739,2,2,1,Jplus,loading_target,holding,same_force_path_pair,direct_loading,180,1.80000,1.714500,1.80000,1.714500,-0.085500,nan,4.6800,4.6800,,-8.0900,8.2879,-2335.4850,12169.0450,2866.2480,-2335.4850,12169.0450,2866.2480,-1361.7068,6356.9909,840.4294,12718.3145,,,
1780433282.677661,session_20260602_162739,2,2,1,Jplus,loading_target,holding,same_force_path_pair,direct_loading,180,1.80000,1.699900,1.80000,1.699900,-0.100100,nan,4.6800,4.6800,,-8.0900,8.3763,-2336.0860,12157.0240,2871.0880,-2336.0860,12157.0240,2871.0880,-1362.3078,6344.9699,845.2694,12708.0162,,,
1780433282.765455,session_20260602_162739,2,2,1,Jplus,loading_target,holding,same_force_path_pair,direct_loading,180,1.80000,1.707600,1.80000,1.707600,-0.092400,nan,4.6800,4.6800,,-8.0900,8.4645,-2339.0910,12156.4210,2873.9920,-2339.0910,12156.4210,2873.9920,-1365.3128,6344.3669,848.1734,12708.6486,,,
1780433282.854339,session_20260602_162739,2,2,1,Jplus,loading_target,holding,same_force_path_pair,direct_loading,180,1.80000,1.712600,1.80000,1.712600,-0.087400,nan,4.6800,4.6800,,-8.0900,8.5529,-2335.4850,12160.0310,2873.0230,-2335.4850,12160.0310,2873.0230,-1361.7068,6347.9769,847.2044,12711.2197,,,
1780433282.942062,session_20260602_162739,2,2,1,Jplus,loading_target,holding,same_force_path_pair,direct_loading,180,1.80000,1.714100,1.80000,1.714100,-0.085900,nan,4.6800,4.6800,,-8.0900,8.6408,-2331.8790,12178.6610,2865.2810,-2331.8790,12178.6610,2865.2810,-1358.1008,6366.6069,839.4624,12726.6366,,,
1780433283.030112,session_20260602_162739,2,2,1,Jplus,loading_target,holding,same_force_path_pair,direct_loading,180,1.80000,1.710500,1.80000,1.710500,-0.089500,nan,4.6800,4.6800,,-8.0900,8.7288,-2335.4850,12161.8340,2870.1200,-2335.4850,12161.8340,2870.1200,-1361.7068,6349.7799,844.3014,12712.2887,,,
1780433283.118532,session_20260602_162739,2,2,1,Jplus,loading_target,holding,same_force_path_pair,direct_loading,180,1.80000,1.704600,1.80000,1.704600,-0.095400,nan,4.6800,4.6800,,-8.0900,8.8170,-2330.0760,12166.0420,2870.1200,-2330.0760,12166.0420,2870.1200,-1356.2978,6353.9879,844.3014,12715.3223,,,
1780433283.206620,session_20260602_162739,2,2,1,Jplus,loading_target,holding,same_force_path_pair,direct_loading,180,1.80000,1.703500,1.80000,1.703500,-0.096500,nan,4.6800,4.6800,,-8.0900,8.9057,-2332.4800,12172.6500,2868.1830,-2332.4800,12172.6500,2868.1830,-1358.7018,6360.5959,842.3644,12721.6487,,,
1780433283.294431,session_20260602_162739,2,2,1,Jplus,loading_target,holding,same_force_path_pair,direct_loading,180,1.80000,1.708200,1.80000,1.708200,-0.091800,nan,4.6800,4.6800,,-8.0900,8.9934,-2333.0810,12164.8370,2870.1200,-2333.0810,12164.8370,2870.1200,-1359.3028,6352.7829,844.3014,12714.7204,,,
1780433283.383101,session_20260602_162739,2,2,1,Jplus,loading_target,holding,same_force_path_pair,direct_loading,180,1.80000,1.704400,1.80000,1.704400,-0.095600,nan,4.6800,4.6800,,-8.0900,9.0816,-2335.4850,12160.6290,2870.1200,-2335.4850,12160.6290,2870.1200,-1361.7068,6348.5749,844.3014,12711.1359,,,
1780433283.470993,session_20260602_162739,2,2,1,Jplus,loading_target,holding,same_force_path_pair,direct_loading,180,1.80000,1.706300,1.80000,1.706300,-0.093700,nan,4.6800,4.6800,,-8.0900,9.1699,-2333.6820,12163.0290,2872.0560,-2333.6820,12163.0290,2872.0560,-1359.9038,6350.9749,846.2374,12713.5381,,,
1780433283.558597,session_20260602_162739,2,2,1,Jplus,loading_target,holding,same_force_path_pair,direct_loading,180,1.80000,1.713000,1.80000,1.713000,-0.087000,nan,4.6800,4.6800,,-8.0900,9.2578,-2333.0810,12155.8230,2863.3430,-2333.0810,12155.8230,2863.3430,-1359.3028,6343.7689,837.5244,12704.5674,,,
1780433283.647472,session_20260602_162739,2,2,1,Jplus,loading_target,holding,same_force_path_pair,direct_loading,180,1.80000,1.712100,1.80000,1.712100,-0.087900,nan,4.6800,4.6800,,-8.0900,9.3459,-2330.6770,12168.4420,2859.4720,-2330.6770,12168.4420,2859.4720,-1356.8988,6356.3879,833.6534,12715.3300,,,
1780433283.736109,session_20260602_162739,2,2,1,Jplus,loading_target,holding,same_force_path_pair,direct_loading,180,1.80000,1.705900,1.80000,1.705900,-0.094100,nan,4.6800,4.6800,,-8.0900,9.4342,-2337.2880,12163.6320,2870.1200,-2337.2880,12163.6320,2870.1200,-1363.5098,6351.5779,844.3014,12714.3402,,,
1780433283.823742,session_20260602_162739,2,2,1,Jplus,loading_target,holding,same_force_path_pair,direct_loading,180,1.80000,1.705600,1.80000,1.705600,-0.094400,nan,4.6800,4.6800,,-8.0900,9.5225,-2337.8890,12167.2370,2864.3120,-2337.8890,12167.2370,2864.3120,-1364.1108,6355.1829,838.4934,12716.5901,,,
1780433283.911870,session_20260602_162739,2,2,1,Jplus,loading_target,holding,same_force_path_pair,direct_loading,180,1.80000,1.707300,1.80000,1.707300,-0.092700,nan,4.6800,4.6800,,-8.0900,9.6105,-2335.4850,12169.6470,2861.4080,-2335.4850,12169.6470,2861.4080,-1361.7068,6357.5929,835.5894,12717.8007,,,
1780433284.000339,session_20260602_162739,2,2,1,Jplus,loading_target,holding,same_force_path_pair,direct_loading,180,1.80000,1.712900,1.80000,1.712900,-0.087100,nan,4.6800,4.6800,,-8.0900,9.6987,-2331.8790,12165.4390,2869.1520,-2331.8790,12165.4390,2869.1520,-1358.1008,6353.3849,843.3334,12714.8574,,,
1780433284.088061,session_20260602_162739,2,2,1,Jplus,loading_target,holding,same_force_path_pair,direct_loading,180,1.80000,1.714900,1.80000,1.714900,-0.085100,nan,4.6800,4.6800,,-8.0900,9.7868,-2333.6820,12161.8340,2870.1200,-2333.6820,12161.8340,2870.1200,-1359.9038,6349.7799,844.3014,12711.9576,,,
1780433284.176395,session_20260602_162739,2,2,1,Jplus,loading_target,holding,same_force_path_pair,direct_loading,180,1.80000,1.696700,1.80000,1.696700,-0.103300,nan,4.6800,4.6800,,-8.0900,9.8748,-2334.8840,12166.0420,2869.1520,-2334.8840,12166.0420,2869.1520,-1361.1058,6353.9879,843.3334,12715.9858,,,
1780433284.264569,session_20260602_162739,2,2,1,Jplus,loading_target,holding,same_force_path_pair,direct_loading,180,1.80000,1.699600,1.80000,1.699600,-0.100400,nan,4.6800,4.6800,,-8.0900,9.9631,-2333.6820,12166.6400,2870.1200,-2333.6820,12166.6400,2870.1200,-1359.9038,6354.5859,844.3014,12716.5557,,,
1780433284.352729,session_20260602_162739,2,2,1,Jplus,loading_target,holding,same_force_path_pair,direct_loading,180,1.80000,1.702300,1.80000,1.702300,-0.097700,nan,4.6800,4.6800,,-8.0900,10.0513,-2337.2880,12166.6400,2855.6000,-2337.2880,12166.6400,2855.6000,-1363.5098,6354.5859,829.7814,12713.9489,,,
1780433284.441230,session_20260602_162739,2,2,1,Jplus,loading_target,holding,same_force_path_pair,direct_loading,180,1.80000,1.699700,1.80000,1.699700,-0.100300,nan,4.6800,4.6800,,-8.0900,10.1396,-2339.0910,12172.6500,2868.1830,-2339.0910,12172.6500,2868.1830,-1365.3128,6360.5959,842.3644,12722.8624,,,
1780433284.528609,session_20260602_162739,2,2,1,Jplus,loading_target,holding,same_force_path_pair,direct_loading,180,1.80000,1.715100,1.80000,1.715100,-0.084900,nan,4.6800,4.6800,,-8.0900,10.2280,-2333.6820,12166.0420,2861.4080,-2333.6820,12166.0420,2861.4080,-1359.9038,6353.9879,835.5894,12714.0200,,,
1780433284.616769,session_20260602_162739,2,2,1,Jplus,loading_target,holding,same_force_path_pair,direct_loading,180,1.80000,1.705100,1.80000,1.705100,-0.094900,nan,4.6800,4.6800,,-8.0900,10.3158,-2325.8690,12160.0310,2867.2160,-2325.8690,12160.0310,2867.2160,-1352.0908,6347.9769,841.3974,12708.1450,,,
1780433284.705278,session_20260602_162739,2,2,1,Jplus,loading_target,holding,same_force_path_pair,direct_loading,180,1.80000,1.706600,1.80000,1.706600,-0.093400,nan,4.6800,4.6800,,-8.0900,10.4037,-2330.0760,12166.0420,2864.3120,-2330.0760,12166.0420,2864.3120,-1356.2978,6353.9879,838.4934,12714.0126,,,
1780433284.793529,session_20260602_162739,2,2,1,Jplus,loading_target,holding,same_force_path_pair,direct_loading,180,1.80000,1.702100,1.80000,1.702100,-0.097900,nan,4.6800,4.6800,,-8.0900,10.4919,-2329.4750,12163.0290,2867.2160,-2329.4750,12163.0290,2867.2160,-1355.6968,6350.9749,841.3974,12711.6740,,,
1780433284.881671,session_20260602_162739,2,2,1,Jplus,loading_target,holding,same_force_path_pair,direct_loading,180,1.80000,1.702700,1.80000,1.702700,-0.097300,nan,4.6800,4.6800,,-8.0900,10.5804,-2331.8790,12164.8370,2875.9280,-2331.8790,12164.8370,2875.9280,-1358.1008,6352.7829,850.1094,12715.8122,,,
1780433284.969850,session_20260602_162739,2,2,1,Jplus,loading_target,holding,same_force_path_pair,direct_loading,180,1.80000,1.709000,1.80000,1.709000,-0.091000,nan,4.6800,4.6800,,-8.0900,10.6685,-2329.4750,12165.4390,2867.2160,-2329.4750,12165.4390,2867.2160,-1355.6968,6353.3849,841.3974,12713.9800,,,
1780433285.057495,session_20260602_162739,2,2,1,Jplus,loading_target,holding,same_force_path_pair,direct_loading,180,1.80000,1.711600,1.80000,1.711600,-0.088400,nan,4.6800,4.6800,,-8.0900,10.7566,-2331.2780,12163.6320,2869.1520,-2331.2780,12163.6320,2869.1520,-1357.4998,6351.5779,843.3334,12713.0183,,,
1780433285.146031,session_20260602_162739,2,2,1,Jplus,loading_target,holding,same_force_path_pair,direct_loading,180,1.80000,1.703800,1.80000,1.703800,-0.096200,nan,4.6800,4.6800,,-8.0900,10.8448,-2331.2780,12164.8370,2872.0560,-2331.2780,12164.8370,2872.0560,-1357.4998,6352.7829,846.2374,12714.8269,,,
1780433285.234091,session_20260602_162739,2,2,1,Jplus,loading_target,holding,same_force_path_pair,direct_loading,180,1.80000,1.702400,1.80000,1.702400,-0.097600,nan,4.6800,4.6800,,-8.0900,10.9328,-2325.2680,12167.2370,2873.9920,-2325.2680,12167.2370,2873.9920,-1351.4898,6355.1829,848.1734,12716.4601,,,
1780433285.322800,session_20260602_162739,2,2,1,Jplus,loading_target,holding,same_force_path_pair,direct_loading,180,1.80000,1.704500,1.80000,1.704500,-0.095500,nan,4.6800,4.6800,,-8.0900,11.0208,-2327.6720,12140.7990,2872.0560,-2327.6720,12140.7990,2872.0560,-1353.8938,6328.7449,846.2374,12691.1687,,,
1780433285.410606,session_20260602_162739,2,2,1,Jplus,loading_target,holding,same_force_path_pair,direct_loading,180,1.80000,1.709300,1.80000,1.709300,-0.090700,nan,4.6800,4.6800,,-8.0900,11.1092,-2333.6820,12164.8370,2872.0560,-2333.6820,12164.8370,2872.0560,-1359.9038,6352.7829,846.2374,12715.2679,,,
1780433285.499079,session_20260602_162739,2,2,1,Jplus,loading_target,holding,same_force_path_pair,direct_loading,180,1.80000,1.707300,1.80000,1.707300,-0.092700,nan,4.6800,4.6800,,-8.0900,11.1974,-2333.0810,12160.6290,2859.4720,-2333.0810,12160.6290,2859.4720,-1359.3028,6348.5749,833.6534,12708.2943,,,
1780433285.587547,session_20260602_162739,2,2,1,Jplus,loading_target,holding,same_force_path_pair,direct_loading,180,1.80000,1.703800,1.80000,1.703800,-0.096200,nan,4.6800,4.6800,,-8.0900,11.2855,-2337.8890,12165.4390,2871.0880,-2337.8890,12165.4390,2871.0880,-1364.1108,6353.3849,845.2694,12716.3980,,,
1780433285.675084,session_20260602_162739,2,2,1,Jplus,loading_target,holding,same_force_path_pair,direct_loading,180,1.80000,1.704100,1.80000,1.704100,-0.095900,nan,4.6800,4.6800,,-8.0900,11.3740,-2339.0910,12161.8340,2860.4400,-2339.0910,12161.8340,2860.4400,-1365.3128,6349.7799,834.6214,12710.7698,,,
1780433285.762789,session_20260602_162739,2,2,1,Jplus,loading_target,holding,same_force_path_pair,direct_loading,180,1.80000,1.700100,1.80000,1.700100,-0.099900,nan,4.6800,4.6800,,-8.0900,11.4618,-2334.8840,12160.0310,2870.1200,-2334.8840,12160.0310,2870.1200,-1361.1058,6347.9769,844.3014,12710.4534,,,
1780433285.850852,session_20260602_162739,2,2,1,Jplus,loading_target,holding,same_force_path_pair,direct_loading,180,1.80000,1.705600,1.80000,1.705600,-0.094400,nan,4.6800,4.6800,,-8.0900,11.5501,-2332.4800,12157.6260,2872.0560,-2332.4800,12157.6260,2872.0560,-1358.7018,6345.5719,846.2374,12708.1485,,,
1780433285.939590,session_20260602_162739,2,2,1,Jplus,loading_target,holding,same_force_path_pair,direct_loading,180,1.80000,1.699700,1.80000,1.699700,-0.100300,nan,4.6800,4.6800,,-8.0900,11.6379,-2331.2780,12154.6240,2869.1520,-2331.2780,12154.6240,2869.1520,-1357.4998,6342.5699,843.3334,12704.3998,,,
1780433286.027863,session_20260602_162739,2,2,1,Jplus,loading_target,holding,same_force_path_pair,direct_loading,180,1.80000,1.698300,1.80000,1.698300,-0.101700,nan,4.6800,4.6800,,-8.0900,11.7264,-2332.4800,12171.4450,2864.3120,-2332.4800,12171.4450,2864.3120,-1358.7018,6359.3909,838.4934,12719.6234,,,
1780433286.115546,session_20260602_162739,2,2,1,Jplus,loading_target,holding,same_force_path_pair,direct_loading,180,1.80000,1.703000,1.80000,1.703000,-0.097000,nan,4.6800,4.6800,,-8.0900,11.8144,-2339.0910,12164.8370,2867.2160,-2339.0910,12164.8370,2867.2160,-1365.3128,6352.7829,841.3974,12715.1694,,,
1780433286.203428,session_20260602_162739,2,2,1,Jplus,loading_target,holding,same_force_path_pair,direct_loading,180,1.80000,1.694100,1.80000,1.694100,-0.105900,nan,4.6800,4.6800,,-8.0900,11.9025,-2336.0860,12146.2080,2865.2810,-2336.0860,12146.2080,2865.2810,-1362.3078,6334.1539,839.4624,12696.3578,,,
1780433286.291991,session_20260602_162739,2,2,1,Jplus,loading_target,holding,same_force_path_pair,direct_loading,180,1.80000,1.703900,1.80000,1.703900,-0.096100,nan,4.6800,4.6800,,-8.0900,11.9906,-2331.2780,12169.0450,2873.0230,-2331.2780,12169.0450,2873.0230,-1357.4998,6356.9909,847.2044,12719.0713,,,
1780433286.380049,session_20260602_162739,2,2,1,Jplus,loading_target,holding,same_force_path_pair,direct_loading,180,1.80000,1.706300,1.80000,1.706300,-0.093700,nan,4.6800,4.6800,,-8.0900,12.0787,-2335.4850,12166.0420,2871.0880,-2335.4850,12166.0420,2871.0880,-1361.7068,6353.9879,845.2694,12716.5331,,,
1780433286.468350,session_20260602_162739,2,2,1,Jplus,loading_target,holding,same_force_path_pair,direct_loading,180,1.80000,1.706200,1.80000,1.706200,-0.093800,nan,4.6800,4.6800,,-8.0900,12.1670,-2338.4900,12163.0290,2858.5040,-2338.4900,12163.0290,2858.5040,-1364.7118,6350.9749,832.6854,12711.3672,,,
1780433286.556508,session_20260602_162739,2,2,1,Jplus,loading_target,holding,same_force_path_pair,direct_loading,180,1.80000,1.700800,1.80000,1.700800,-0.099200,nan,4.6800,4.6800,,-8.0900,12.2551,-2330.6770,12155.8230,2862.3760,-2330.6770,12155.8230,2862.3760,-1356.8988,6343.7689,836.5574,12703.9082,,,
1780433286.644820,session_20260602_162739,2,2,1,Jplus,loading_target,holding,same_force_path_pair,direct_loading,180,1.80000,1.696600,1.80000,1.696600,-0.103400,nan,4.6800,4.6800,,-8.0900,12.3432,-2334.2830,12160.0310,2878.8320,-2334.2830,12160.0310,2878.8320,-1360.5048,6347.9769,853.0134,12712.3131,,,
1780433286.732673,session_20260602_162739,2,2,1,Jplus,loading_target,holding,same_force_path_pair,direct_loading,180,1.80000,1.699800,1.80000,1.699800,-0.100200,nan,4.6800,4.6800,,-8.0900,12.4314,-2330.6770,12163.0290,2864.3120,-2330.6770,12163.0290,2864.3120,-1356.8988,6350.9749,838.4934,12711.2396,,,
1780433286.820938,session_20260602_162739,2,2,1,Jplus,loading_target,holding,same_force_path_pair,direct_loading,180,1.80000,1.694900,1.80000,1.694900,-0.105100,nan,4.6800,4.6800,,-8.0900,12.5198,-2334.8840,12155.8230,2865.2810,-2334.8840,12155.8230,2865.2810,-1361.1058,6343.7689,839.4624,12705.3355,,,
1780433286.909203,session_20260602_162739,2,2,1,Jplus,loading_target,holding,same_force_path_pair,direct_loading,180,1.80000,1.711500,1.80000,1.711500,-0.088500,nan,4.6800,4.6800,,-8.0900,12.6077,-2336.6870,12156.4210,2857.5360,-2336.6870,12156.4210,2857.5360,-1362.9088,6344.3669,831.7174,12704.4949,,,
1780433286.997416,session_20260602_162739,2,2,1,Jplus,loading_target,holding,same_force_path_pair,direct_loading,180,1.80000,1.706700,1.80000,1.706700,-0.093300,nan,4.6800,4.6800,,-8.0900,12.6959,-2335.4850,12163.0290,2866.2480,-2335.4850,12163.0290,2866.2480,-1361.7068,6350.9749,840.4294,12712.5584,,,
1780433287.084682,session_20260602_162739,2,2,1,Jplus,loading_target,holding,same_force_path_pair,direct_loading,180,1.80000,1.701900,1.80000,1.701900,-0.098100,nan,4.6800,4.6800,,-8.0900,12.7841,-2336.0860,12148.6080,2870.1200,-2336.0860,12148.6080,2870.1200,-1362.3078,6336.5539,844.3014,12699.7466,,,
1780433287.173845,session_20260602_162739,2,2,1,Jplus,loading_target,holding,same_force_path_pair,direct_loading,180,1.80000,1.705100,1.80000,1.705100,-0.094900,nan,4.6800,4.6800,,-8.0900,12.8725,-2336.0860,12172.0470,2873.9920,-2336.0860,12172.0470,2873.9920,-1362.3078,6359.9929,848.1734,12723.0443,,,
1780433287.261731,session_20260602_162739,2,2,1,Jplus,loading_target,holding,same_force_path_pair,direct_loading,180,1.80000,1.696700,1.80000,1.696700,-0.103300,nan,4.6800,4.6800,,-8.0900,12.9605,-2339.0910,12163.0290,2873.9920,-2339.0910,12163.0290,2873.9920,-1365.3128,6350.9749,848.1734,12714.9696,,,
1780433287.349840,session_20260602_162739,2,2,1,Jplus,loading_target,holding,same_force_path_pair,direct_loading,180,1.80000,1.703600,1.80000,1.703600,-0.096400,nan,4.6800,4.6800,,-8.0900,13.0487,-2333.6820,12157.0240,2871.0880,-2333.6820,12157.0240,2871.0880,-1359.9038,6344.9699,845.2694,12707.5745,,,
1780433287.440549,session_20260602_162739,2,2,1,Jplus,loading_target,holding,same_force_path_pair,direct_loading,180,1.80000,1.707100,1.80000,1.707100,-0.092900,nan,4.6800,4.6800,,-8.0900,13.1369,-2334.8840,12158.8260,2866.2480,-2334.8840,12158.8260,2866.2480,-1361.1058,6346.7719,840.4294,12708.4268,,,
1780433287.526394,session_20260602_162739,2,2,1,Jplus,loading_target,holding,same_force_path_pair,direct_loading,180,1.80000,1.703300,1.80000,1.703300,-0.096700,nan,4.6800,4.6800,,-8.0900,13.2271,-2331.2780,12180.4630,2869.1520,-2331.2780,12180.4630,2869.1520,-1357.4998,6368.4089,843.3334,12729.1229,,,
1780433287.614580,session_20260602_162739,2,2,1,Jplus,loading_target,holding,same_force_path_pair,direct_loading,180,1.80000,1.698000,1.80000,1.698000,-0.102000,nan,4.6800,4.6800,,-8.0900,13.3131,-2331.2780,12171.4450,2867.2160,-2331.2780,12171.4450,2867.2160,-1357.4998,6359.3909,841.3974,12720.0573,,,
1780433287.702719,session_20260602_162739,2,2,1,Jplus,loading_target,holding,same_force_path_pair,direct_loading,180,1.80000,1.700200,1.80000,1.700200,-0.099800,nan,4.6800,4.6800,,-8.0900,13.4013,-2333.6820,12169.6470,2866.2480,-2333.6820,12169.6470,2866.2480,-1359.9038,6357.5929,840.4294,12718.5596,,,
1780433287.790490,session_20260602_162739,2,2,1,Jplus,loading_target,holding,same_force_path_pair,direct_loading,180,1.80000,1.698800,1.80000,1.698800,-0.101200,nan,4.6800,4.6800,,-8.0900,13.4895,-2330.6770,12175.6530,2870.1200,-2330.6770,12175.6530,2870.1200,-1356.8988,6363.5989,844.3014,12724.6285,,,
1780433287.878489,session_20260602_162739,2,2,1,Jplus,loading_target,holding,same_force_path_pair,direct_loading,180,1.80000,1.691700,1.80000,1.691700,-0.108300,nan,4.6800,4.6800,,-8.0900,13.5776,-2332.4800,12164.8370,2873.9920,-2332.4800,12164.8370,2873.9920,-1358.7018,6352.7829,848.1734,12715.4847,,,
1780433287.967245,session_20260602_162739,2,2,1,Jplus,loading_target,holding,same_force_path_pair,direct_loading,180,1.80000,1.697500,1.80000,1.697500,-0.102500,nan,4.6800,4.6800,,-8.0900,13.6658,-2337.8890,12149.8130,2871.0880,-2337.8890,12149.8130,2871.0880,-1364.1108,6337.7589,845.2694,12701.4498,,,
1780433288.055293,session_20260602_162739,2,2,1,Jplus,loading_target,holding,same_force_path_pair,direct_loading,180,1.80000,1.693700,1.80000,1.693700,-0.106300,nan,4.6800,4.6800,,-8.0900,13.7540,-2336.6870,12161.8340,2869.1520,-2336.6870,12161.8340,2869.1520,-1362.9088,6349.7799,843.3334,12712.2911,,,
1780433288.143513,session_20260602_162739,2,2,1,Jplus,loading_target,holding,same_force_path_pair,direct_loading,180,1.80000,1.701700,1.80000,1.701700,-0.098300,nan,4.6800,4.6800,,-8.0900,13.8420,-2333.0810,12155.2160,2865.2810,-2333.0810,12155.2160,2865.2810,-1359.3028,6343.1619,839.4624,12704.4236,,,
1780433288.231190,session_20260602_162739,2,2,1,Jplus,loading_target,holding,same_force_path_pair,direct_loading,180,1.80000,1.693600,1.80000,1.693600,-0.106400,nan,4.6800,4.6800,,-8.0900,13.9304,-2332.4800,12167.2370,2867.2160,-2332.4800,12167.2370,2867.2160,-1358.7018,6355.1829,841.3974,12716.2513,,,
1780433288.320058,session_20260602_162739,2,2,1,Jplus,loading_target,holding,same_force_path_pair,direct_loading,180,1.80000,1.691600,1.80000,1.691600,-0.108400,nan,4.6800,4.6800,,-8.0900,14.0184,-2331.2780,12157.6260,2867.2160,-2331.2780,12157.6260,2867.2160,-1357.4998,6345.5719,841.3974,12706.8350,,,
1780433288.407787,session_20260602_162739,2,2,1,Jplus,loading_target,holding,same_force_path_pair,direct_loading,180,1.80000,1.701000,1.80000,1.701000,-0.099000,nan,4.6800,4.6800,,-8.0900,14.1066,-2330.6770,12166.0420,2862.3760,-2330.6770,12166.0420,2862.3760,-1356.8988,6353.9879,836.5574,12713.6867,,,
1780433288.496139,session_20260602_162739,2,2,1,Jplus,loading_target,holding,same_force_path_pair,direct_loading,180,1.80000,1.695400,1.80000,1.695400,-0.104600,nan,4.6800,4.6800,,-8.0900,14.1947,-2337.2880,12161.8340,2870.1200,-2337.2880,12161.8340,2870.1200,-1363.5098,6349.7799,844.3014,12712.6201,,,
1780433288.583914,session_20260602_162739,2,2,1,Jplus,loading_target,holding,same_force_path_pair,direct_loading,180,1.80000,1.699200,1.80000,1.699200,-0.100800,nan,4.6800,4.6800,,-8.0900,14.2829,-2334.8840,12148.0100,2872.0560,-2334.8840,12148.0100,2872.0560,-1361.1058,6335.9559,846.2374,12699.3912,,,
1780433288.672263,session_20260602_162739,2,2,1,Jplus,loading_target,holding,same_force_path_pair,direct_loading,180,1.80000,1.702600,1.80000,1.702600,-0.097400,nan,4.6800,4.6800,,-8.0900,14.3710,-2331.8790,12148.6080,2867.2160,-2331.8790,12148.6080,2867.2160,-1358.1008,6336.5539,841.3974,12698.3174,,,
1780433288.760599,session_20260602_162739,2,2,1,Jplus,loading_target,holding,same_force_path_pair,direct_loading,180,1.80000,1.703300,1.80000,1.703300,-0.096700,nan,4.6800,4.6800,,-8.0900,14.4592,-2331.2780,12176.8580,2872.0560,-2331.2780,12176.8580,2872.0560,-1357.4998,6364.8039,846.2374,12726.3284,,,
1780433288.849126,session_20260602_162739,2,2,1,Jplus,loading_target,holding,same_force_path_pair,direct_loading,180,1.80000,1.701600,1.80000,1.701600,-0.098400,nan,4.6800,4.6800,,-8.0900,14.5473,-2335.4850,12176.2550,2872.0560,-2335.4850,12176.2550,2872.0560,-1361.7068,6364.2009,846.2374,12726.5228,,,
1780433288.937378,session_20260602_162739,2,2,1,Jplus,loading_target,holding,same_force_path_pair,direct_loading,180,1.80000,1.698100,1.80000,1.698100,-0.101900,nan,4.6800,4.6800,,-8.0900,14.6355,-2336.6870,12167.2370,2865.2810,-2336.6870,12167.2370,2865.2810,-1362.9088,6355.1829,839.4624,12716.5875,,,
1780433289.024438,session_20260602_162739,2,2,1,Jplus,loading_target,holding,same_force_path_pair,direct_loading,180,1.80000,1.701600,1.80000,1.701600,-0.098400,nan,4.6800,4.6800,,-8.0900,14.7240,-2334.2830,12160.6290,2867.2160,-2334.2830,12160.6290,2867.2160,-1360.5048,6348.5749,841.3974,12710.2597,,,
1780433289.113211,session_20260602_162739,2,2,1,Jplus,loading_target,holding,same_force_path_pair,direct_loading,180,1.80000,1.708400,1.80000,1.708400,-0.091600,nan,4.6800,4.6800,,-8.0900,14.8118,-2331.8790,12160.6290,2866.2480,-2331.8790,12160.6290,2866.2480,-1358.1008,6348.5749,840.4294,12709.6001,,,
1780433289.201367,session_20260602_162739,2,2,1,Jplus,loading_target,holding,same_force_path_pair,direct_loading,180,1.80000,1.711800,1.80000,1.711800,-0.088200,nan,4.6800,4.6800,,-8.0900,14.9000,-2333.6820,12167.8400,2867.2160,-2333.6820,12167.8400,2867.2160,-1359.9038,6355.7859,841.3974,12717.0488,,,
1780433289.289803,session_20260602_162739,2,2,1,Jplus,loading_target,holding,same_force_path_pair,direct_loading,180,1.80000,1.699400,1.80000,1.699400,-0.100600,nan,4.6800,4.6800,,-8.0900,14.9881,-2334.2830,12161.2320,2865.2810,-2334.2830,12161.2320,2865.2810,-1360.5048,6349.1779,839.4624,12710.4003,,,
1780433289.377203,session_20260602_162739,2,2,1,Jplus,loading_target,holding,same_force_path_pair,direct_loading,180,1.80000,1.702000,1.80000,1.702000,-0.098000,nan,4.6800,4.6800,,-8.0900,15.0763,-2331.8790,12168.4420,2867.2160,-2331.8790,12168.4420,2867.2160,-1358.1008,6356.3879,841.3974,12717.2941,,,
1780433289.465873,session_20260602_162739,2,2,1,Jplus,loading_target,holding,same_force_path_pair,direct_loading,180,1.80000,1.703500,1.80000,1.703500,-0.096500,nan,4.6800,4.6800,,-8.0900,15.1646,-2334.2830,12172.6500,2870.1200,-2334.2830,12172.6500,2870.1200,-1360.5048,6360.5959,844.3014,12722.4162,,,
1780433289.554222,session_20260602_162739,2,2,1,Jplus,loading_target,holding,same_force_path_pair,direct_loading,180,1.80000,1.699500,1.80000,1.699500,-0.100500,nan,4.6800,4.6800,,-8.0900,15.2530,-2330.0760,12157.6260,2869.1520,-2330.0760,12157.6260,2869.1520,-1356.2978,6345.5719,843.3334,12707.0515,,,
1780433289.642068,session_20260602_162739,2,2,1,Jplus,loading_target,holding,same_force_path_pair,direct_loading,180,1.80000,1.704900,1.80000,1.704900,-0.095100,nan,4.6800,4.6800,,-8.0900,15.3408,-2334.2830,12169.6470,2869.1520,-2334.2830,12169.6470,2869.1520,-1360.5048,6357.5929,843.3334,12719.3246,,,
1780433289.730324,session_20260602_162739,2,2,1,Jplus,loading_target,holding,same_force_path_pair,direct_loading,180,1.80000,1.709300,1.80000,1.709300,-0.090700,nan,4.6800,4.6800,,-8.0900,15.4289,-2337.8890,12166.0420,2863.3430,-2337.8890,12166.0420,2863.3430,-1364.1108,6353.9879,837.5244,12715.2285,,,
1780433289.818467,session_20260602_162739,2,2,1,Jplus,loading_target,holding,same_force_path_pair,direct_loading,180,1.80000,1.696600,1.80000,1.696600,-0.103400,nan,4.6800,4.6800,,-8.0900,15.5170,-2328.8740,12158.8260,2868.1830,-2328.8740,12158.8260,2868.1830,-1355.0958,6346.7719,842.3644,12707.7605,,,
1780433289.906628,session_20260602_162739,2,2,1,Jplus,loading_target,holding,same_force_path_pair,direct_loading,180,1.80000,1.707500,1.80000,1.707500,-0.092500,nan,4.6800,4.6800,,-8.0900,15.6055,-2332.4800,12159.4240,2866.2480,-2332.4800,12159.4240,2866.2480,-1358.7018,6347.3699,840.4294,12708.5575,,,
1780433289.994786,session_20260602_162739,2,2,1,Jplus,loading_target,holding,same_force_path_pair,direct_loading,180,1.80000,1.709200,1.80000,1.709200,-0.090800,nan,4.6800,4.6800,,-8.0900,15.6933,-2332.4800,12162.4370,2871.0880,-2332.4800,12162.4370,2871.0880,-1358.7018,6350.3829,845.2694,12712.5325,,,
1780433290.082906,session_20260602_162739,2,2,1,Jplus,loading_target,holding,same_force_path_pair,direct_loading,180,1.80000,1.701700,1.80000,1.701700,-0.098300,nan,4.6800,4.6800,,-8.0900,15.7816,-2331.8790,12157.0240,2868.1830,-2331.8790,12157.0240,2868.1830,-1358.1008,6344.9699,842.3644,12706.5875,,,
1780433290.171075,session_20260602_162739,2,2,1,Jplus,loading_target,holding,same_force_path_pair,direct_loading,180,1.80000,1.699700,1.80000,1.699700,-0.100300,nan,4.6800,4.6800,,-8.0900,15.8698,-2334.2830,12175.0560,2868.1830,-2334.2830,12175.0560,2868.1830,-1360.5048,6363.0019,842.3644,12724.2815,,,
1780433290.259756,session_20260602_162739,2,2,1,Jplus,loading_target,holding,same_force_path_pair,direct_loading,180,1.80000,1.705200,1.80000,1.705200,-0.094800,nan,4.6800,4.6800,,-8.0900,15.9578,-2332.4800,12161.2320,2862.3760,-2332.4800,12161.2320,2862.3760,-1358.7018,6349.1779,836.5574,12709.4147,,,
1780433290.347609,session_20260602_162739,2,2,1,Jplus,loading_target,holding,same_force_path_pair,direct_loading,180,1.80000,1.697500,1.80000,1.697500,-0.102500,nan,4.6800,4.6800,,-8.0900,16.0463,-2334.2830,12157.0240,2865.2810,-2334.2830,12157.0240,2865.2810,-1360.5048,6344.9699,839.4624,12706.3742,,,
1780433290.436076,session_20260602_162739,2,2,1,Jplus,loading_target,holding,same_force_path_pair,direct_loading,180,1.80000,1.701100,1.80000,1.701100,-0.098900,nan,4.6800,4.6800,,-8.0900,16.1343,-2339.6920,12158.2290,2871.0880,-2339.6920,12158.2290,2871.0880,-1365.9138,6346.1749,845.2694,12709.8323,,,
1780433290.523319,session_20260602_162739,2,2,1,Jplus,loading_target,holding,same_force_path_pair,direct_loading,180,1.80000,1.703600,1.80000,1.703600,-0.096400,nan,4.6800,4.6800,,-8.0900,16.2225,-2334.8840,12151.0130,2871.0880,-2334.8840,12151.0130,2871.0880,-1361.1058,6338.9589,845.2694,12702.0450,,,
1780433290.612186,session_20260602_162739,2,2,1,Jplus,loading_target,holding,same_force_path_pair,direct_loading,180,1.80000,1.703300,1.80000,1.703300,-0.096700,nan,4.6800,4.6800,,-8.0900,16.3106,-2329.4750,12166.6400,2869.1520,-2329.4750,12166.6400,2869.1520,-1355.6968,6354.5859,843.3334,12715.5659,,,
1780433290.699569,session_20260602_162739,2,2,1,Jplus,loading_target,holding,same_force_path_pair,direct_loading,180,1.80000,1.702900,1.80000,1.702900,-0.097100,nan,4.6800,4.6800,,-8.0900,16.3990,-2334.2830,12167.8400,2871.0880,-2334.2830,12167.8400,2871.0880,-1360.5048,6355.7859,845.2694,12718.0326,,,
1780433290.788093,session_20260602_162739,2,2,1,Jplus,loading_target,holding,same_force_path_pair,direct_loading,180,1.80000,1.700100,1.80000,1.700100,-0.099900,nan,4.6800,4.6800,,-8.0900,16.4867,-2337.8890,12161.2320,2864.3120,-2337.8890,12161.2320,2864.3120,-1364.1108,6349.1779,838.4934,12710.8447,,,
1780433290.876519,session_20260602_162739,2,2,1,Jplus,loading_target,holding,same_force_path_pair,direct_loading,180,1.80000,1.699100,1.80000,1.699100,-0.100900,nan,4.6800,4.6800,,-8.0900,16.5749,-2331.2780,12169.6470,2874.9600,-2331.2780,12169.6470,2874.9600,-1357.4998,6357.5929,849.1414,12720.0849,,,
1780433290.964679,session_20260602_162739,2,2,1,Jplus,loading_target,holding,same_force_path_pair,direct_loading,180,1.80000,1.696700,1.80000,1.696700,-0.103300,nan,4.6800,4.6800,,-8.0900,16.6633,-2330.6770,12161.8340,2869.1520,-2330.6770,12161.8340,2869.1520,-1356.8988,6349.7799,843.3334,12711.1878,,,
1780433291.052453,session_20260602_162739,2,2,1,Jplus,loading_target,holding,same_force_path_pair,direct_loading,180,1.80000,1.693500,1.80000,1.693500,-0.106500,nan,4.6800,4.6800,,-8.0900,16.7514,-2334.2830,12167.8400,2868.1830,-2334.2830,12167.8400,2868.1830,-1360.5048,6355.7859,842.3644,12717.3771,,,
1780433291.141126,session_20260602_162739,2,2,1,Jplus,loading_target,holding,same_force_path_pair,direct_loading,180,1.80000,1.698000,1.80000,1.698000,-0.102000,nan,4.6800,4.6800,,-8.0900,16.8396,-2334.8840,12169.0450,2864.3120,-2334.8840,12169.0450,2864.3120,-1361.1058,6356.9909,838.4934,12717.7680,,,
1780433291.228742,session_20260602_162739,2,2,1,Jplus,loading_target,holding,same_force_path_pair,direct_loading,180,1.80000,1.707600,1.80000,1.707600,-0.092400,nan,4.6800,4.6800,,-8.0900,16.9282,-2330.6770,12161.2320,2868.1830,-2330.6770,12161.2320,2868.1830,-1356.8988,6349.1779,842.3644,12710.3931,,,
1780433291.317291,session_20260602_162739,2,2,1,Jplus,loading_target,holding,same_force_path_pair,direct_loading,180,1.80000,1.699400,1.80000,1.699400,-0.100600,nan,4.6800,4.6800,,-8.0900,17.0158,-2336.0860,12155.8230,2869.1520,-2336.0860,12155.8230,2869.1520,-1362.3078,6343.7689,843.3334,12706.4300,,,
1780433291.405475,session_20260602_162739,2,2,1,Jplus,loading_target,holding,same_force_path_pair,direct_loading,180,1.80000,1.698600,1.80000,1.698600,-0.101400,nan,4.6800,4.6800,,-8.0900,17.1040,-2331.8790,12164.2340,2864.3120,-2331.8790,12164.2340,2864.3120,-1358.1008,6352.1799,838.4934,12712.6131,,,
1780433291.493625,session_20260602_162739,2,2,1,Jplus,loading_target,holding,same_force_path_pair,direct_loading,180,1.80000,1.700100,1.80000,1.700100,-0.099900,nan,4.6800,4.6800,,-8.0900,17.1922,-2332.4800,12163.6320,2866.2480,-2332.4800,12163.6320,2866.2480,-1358.7018,6351.5779,840.4294,12712.5837,,,
1780433291.581492,session_20260602_162739,2,2,1,Jplus,loading_target,holding,same_force_path_pair,direct_loading,180,1.80000,1.700900,1.80000,1.700900,-0.099100,nan,4.6800,4.6800,,-8.0900,17.2803,-2334.2830,12162.4370,2874.9600,-2334.2830,12162.4370,2874.9600,-1360.5048,6350.3829,849.1414,12713.7385,,,
1780433291.669589,session_20260602_162739,2,2,1,Jplus,loading_target,holding,same_force_path_pair,direct_loading,180,1.80000,1.699800,1.80000,1.699800,-0.100200,nan,4.6800,4.6800,,-8.0900,17.3686,-2335.4850,12160.6290,2863.3430,-2335.4850,12160.6290,2863.3430,-1361.7068,6348.5749,837.5244,12709.6074,,,
1780433291.758159,session_20260602_162739,2,2,1,Jplus,loading_target,holding,same_force_path_pair,direct_loading,180,1.80000,1.707300,1.80000,1.707300,-0.092700,nan,4.6800,4.6800,,-8.0900,17.4567,-2335.4850,12164.8370,2869.1520,-2335.4850,12164.8370,2869.1520,-1361.7068,6352.7829,843.3334,12714.9433,,,
1780433291.845706,session_20260602_162739,2,2,1,Jplus,loading_target,holding,same_force_path_pair,direct_loading,180,1.80000,1.699500,1.80000,1.699500,-0.100500,nan,4.6800,4.6800,,-8.0900,17.5448,-2333.0810,12161.8340,2866.2480,-2333.0810,12161.8340,2866.2480,-1359.3028,6349.7799,840.4294,12710.9736,,,
1780433291.934072,session_20260602_162739,2,2,1,Jplus,loading_target,holding,same_force_path_pair,direct_loading,180,1.80000,1.697600,1.80000,1.697600,-0.102400,nan,4.6800,4.6800,,-8.0900,17.6330,-2331.2780,12159.4240,2869.1520,-2331.2780,12159.4240,2869.1520,-1357.4998,6347.3699,843.3334,12708.9922,,,
1780433292.022551,session_20260602_162739,2,2,1,Jplus,loading_target,holding,same_force_path_pair,direct_loading,180,1.80000,1.698400,1.80000,1.698400,-0.101600,nan,4.6800,4.6800,,-8.0900,17.7209,-2332.4800,12160.6290,2866.2480,-2332.4800,12160.6290,2866.2480,-1358.7018,6348.5749,840.4294,12709.7104,,,
1780433292.110716,session_20260602_162739,2,2,1,Jplus,loading_target,holding,same_force_path_pair,direct_loading,180,1.80000,1.703200,1.80000,1.703200,-0.096800,nan,4.6800,4.6800,,-8.0900,17.8093,-2335.4850,12169.6470,2866.2480,-2335.4850,12169.6470,2866.2480,-1361.7068,6357.5929,840.4294,12718.8905,,,
1780433292.198519,session_20260602_162739,2,2,1,Jplus,loading_target,holding,same_force_path_pair,direct_loading,180,1.80000,1.699100,1.80000,1.699100,-0.100900,nan,4.6800,4.6800,,-8.0900,17.8974,-2331.8790,12166.0420,2868.1830,-2331.8790,12166.0420,2868.1830,-1358.1008,6353.9879,842.3644,12715.2157,,,
1780433292.287439,session_20260602_162739,2,2,1,Jplus,loading_target,holding,same_force_path_pair,direct_loading,180,1.80000,1.698600,1.80000,1.698600,-0.101400,nan,4.6800,4.6800,,-8.0900,17.9856,-2335.4850,12154.6240,2857.5360,-2335.4850,12154.6240,2857.5360,-1361.7068,6342.5699,831.7174,12702.5543,,,
1780433292.375051,session_20260602_162739,2,2,1,Jplus,loading_target,holding,same_force_path_pair,direct_loading,180,1.80000,1.694600,1.80000,1.694600,-0.105400,nan,4.6800,4.6800,,-8.0900,18.0741,-2337.8890,12158.2290,2869.1520,-2337.8890,12158.2290,2869.1520,-1364.1108,6346.1749,843.3334,12709.0633,,,
1780433292.463534,session_20260602_162739,2,2,1,Jplus,loading_target,holding,same_force_path_pair,direct_loading,180,1.80000,1.691900,1.80000,1.691900,-0.108100,nan,4.6800,4.6800,,-8.0900,18.1618,-2332.4800,12169.6470,2861.4080,-2332.4800,12169.6470,2861.4080,-1358.7018,6357.5929,835.5894,12717.2492,,,
1780433292.551573,session_20260602_162739,2,2,1,Jplus,loading_target,holding,same_force_path_pair,direct_loading,180,1.80000,1.694800,1.80000,1.694800,-0.105200,nan,4.6800,4.6800,,-8.0900,18.2502,-2335.4850,12167.2370,2871.0880,-2335.4850,12167.2370,2871.0880,-1361.7068,6355.1829,845.2694,12717.6764,,,
1780433292.639671,session_20260602_162739,2,2,1,Jplus,loading_target,holding,same_force_path_pair,direct_loading,180,1.80000,1.696300,1.80000,1.696300,-0.103700,nan,4.6800,4.6800,,-8.0900,18.3383,-2331.2780,12160.6290,2874.9600,-2331.2780,12160.6290,2874.9600,-1357.4998,6348.5749,849.1414,12711.4574,,,
1780433292.727813,session_20260602_162739,2,2,1,Jplus,loading_target,holding,same_force_path_pair,direct_loading,180,1.80000,1.702100,1.80000,1.702100,-0.097900,nan,4.6800,4.6800,,-8.0900,18.4264,-2328.8740,12162.4370,2873.0230,-2328.8740,12162.4370,2873.0230,-1355.0958,6350.3829,847.2044,12712.3086,,,
1780433292.816143,session_20260602_162739,2,2,1,Jplus,loading_target,holding,same_force_path_pair,direct_loading,180,1.80000,1.698600,1.80000,1.698600,-0.101400,nan,4.6800,4.6800,,-8.0900,18.5145,-2334.2830,12158.2290,2871.0880,-2334.2830,12158.2290,2871.0880,-1360.5048,6346.1749,845.2694,12708.8377,,,
1780433292.904131,session_20260602_162739,2,2,1,Jplus,loading_target,holding,same_force_path_pair,direct_loading,180,1.80000,1.695100,1.80000,1.695100,-0.104900,nan,4.6800,4.6800,,-8.0900,18.6030,-2336.0860,12165.4390,2874.9600,-2336.0860,12165.4390,2874.9600,-1362.3078,6353.3849,849.1414,12716.9414,,,
1780433292.992157,session_20260602_162739,2,2,1,Jplus,loading_target,holding,same_force_path_pair,direct_loading,180,1.80000,1.696900,1.80000,1.696900,-0.103100,nan,4.6800,4.6800,,-8.0900,18.6908,-2331.2780,12169.0450,2874.9600,-2331.2780,12169.0450,2874.9600,-1357.4998,6356.9909,849.1414,12719.5090,,,
1780433293.080814,session_20260602_162739,2,2,1,Jplus,loading_target,holding,same_force_path_pair,direct_loading,180,1.80000,1.694900,1.80000,1.694900,-0.105100,nan,4.6800,4.6800,,-8.0900,18.7788,-2337.2880,12157.0240,2866.2480,-2337.2880,12157.0240,2866.2480,-1363.5098,6344.9699,840.4294,12707.1447,,,
1780433293.168362,session_20260602_162739,2,2,1,Jplus,loading_target,holding,same_force_path_pair,direct_loading,180,1.80000,1.697600,1.80000,1.697600,-0.102400,nan,4.6800,4.6800,,-8.0900,18.8672,-2334.8840,12161.8340,2865.2810,-2334.8840,12161.8340,2865.2810,-1361.1058,6349.7799,839.4624,12711.0867,,,
1780433293.256748,session_20260602_162739,2,2,1,Jplus,loading_target,holding,same_force_path_pair,direct_loading,180,1.80000,1.691900,1.80000,1.691900,-0.108100,nan,4.6800,4.6800,,-8.0900,18.9556,-2334.2830,12171.4450,2872.0560,-2334.2830,12171.4450,2872.0560,-1360.5048,6359.3909,846.2374,12721.7002,,,
1780433293.345069,session_20260602_162739,2,2,1,Jplus,loading_target,holding,same_force_path_pair,direct_loading,180,1.80000,1.699600,1.80000,1.699600,-0.100400,nan,4.6800,4.6800,,-8.0900,19.0435,-2337.2880,12163.6320,2873.0230,-2337.2880,12163.6320,2873.0230,-1363.5098,6351.5779,847.2044,12714.9959,,,
1780433293.432904,session_20260602_162739,2,2,1,Jplus,loading_target,holding,same_force_path_pair,direct_loading,180,1.80000,1.704200,1.80000,1.704200,-0.095800,nan,4.6800,4.6800,,-8.0900,19.1315,-2333.6820,12161.2320,2868.1830,-2333.6820,12161.2320,2868.1830,-1359.9038,6349.1779,842.3644,12710.9445,,,
1780433293.521044,session_20260602_162739,2,2,1,Jplus,loading_target,holding,same_force_path_pair,direct_loading,180,1.80000,1.701500,1.80000,1.701500,-0.098500,nan,4.6800,4.6800,,-8.0900,19.2198,-2330.6770,12167.2370,2871.0880,-2330.6770,12167.2370,2871.0880,-1356.8988,6355.1829,845.2694,12716.7943,,,
1780433293.608145,session_20260602_162739,2,2,1,Jplus,loading_target,holding,same_force_path_pair,direct_loading,180,1.80000,1.695400,1.80000,1.695400,-0.104600,nan,4.6800,4.6800,,-8.0900,19.3077,-2332.4800,12164.8370,2864.3120,-2332.4800,12164.8370,2864.3120,-1358.7018,6352.7829,838.4934,12713.3003,,,
1780433293.697552,session_20260602_162739,2,2,1,Jplus,loading_target,holding,same_force_path_pair,direct_loading,180,1.80000,1.693400,1.80000,1.693400,-0.106600,nan,4.6800,4.6800,,-8.0900,19.3959,-2333.0810,12166.6400,2870.1200,-2333.0810,12166.6400,2870.1200,-1359.3028,6354.5859,844.3014,12716.4454,,,
1780433293.786065,session_20260602_162739,2,2,1,Jplus,loading_target,holding,same_force_path_pair,direct_loading,180,1.80000,1.688300,1.80000,1.688300,-0.111700,nan,4.6800,4.6800,,-8.0900,19.4843,-2333.6820,12167.8400,2869.1520,-2333.6820,12167.8400,2869.1520,-1359.9038,6355.7859,843.3334,12717.4854,,,
1780433293.873828,session_20260602_162739,2,2,1,Jplus,loading_target,holding,same_force_path_pair,direct_loading,180,1.80000,1.697100,1.80000,1.697100,-0.102900,nan,4.6800,4.6800,,-8.0900,19.5724,-2333.6820,12157.6260,2869.1520,-2333.6820,12157.6260,2869.1520,-1359.9038,6345.5719,843.3334,12707.7132,,,
1780433293.961757,session_20260602_162739,2,2,1,Jplus,loading_target,holding,same_force_path_pair,direct_loading,180,1.80000,1.691400,1.80000,1.691400,-0.108600,nan,4.6800,4.6800,,-8.0900,19.6606,-2336.6870,12172.6500,2861.4080,-2336.6870,12172.6500,2861.4080,-1362.9088,6360.5959,835.5894,12720.8950,,,
1780433294.050155,session_20260602_162739,2,2,1,Jplus,loading_target,holding,same_force_path_pair,direct_loading,180,1.80000,1.694700,1.80000,1.694700,-0.105300,nan,4.6800,4.6800,,-8.0900,19.7490,-2331.2780,12175.6530,2867.2160,-2331.2780,12175.6530,2867.2160,-1357.4998,6363.5989,841.3974,12724.0839,,,
1780433294.138106,session_20260602_162739,2,2,1,Jplus,loading_target,holding,same_force_path_pair,direct_loading,180,1.80000,1.707200,1.80000,1.707200,-0.092800,nan,4.6800,4.6800,,-8.0900,19.8368,-2337.8890,12163.6320,2870.1200,-2337.8890,12163.6320,2870.1200,-1364.1108,6351.5779,844.3014,12714.4507,,,
1780433294.226271,session_20260602_162739,2,2,1,Jplus,loading_target,holding,same_force_path_pair,direct_loading,180,1.80000,1.695100,1.80000,1.695100,-0.104900,nan,4.6800,4.6800,,-8.0900,19.9248,-2337.2880,12160.0310,2861.4080,-2337.2880,12160.0310,2861.4080,-1363.5098,6347.9769,835.5894,12708.9309,,,
